类目,类目链接,型号,描述
手机,http://detail.zol.com.cn/cell_phone_index/subcate57_list_1.html,华为P20 Pro（全网通） 4000万徕卡三摄，AI摄影，异形全面屏,4000万徕卡三摄，AI摄影，异形全面屏
手机,http://detail.zol.com.cn/cell_phone_index/subcate57_list_1.html,OPPO R15（6GB RAM/全网通） 19:9超视野全面屏，双面玻璃设计，AI 智能拍照,19:9超视野全面屏，双面玻璃设计，AI 智能拍照
手机,http://detail.zol.com.cn/cell_phone_index/subcate57_list_1.html,vivo X21屏幕指纹版（全网通） 屏幕指纹解锁，人工智能 Jovi AI，新一代OLED全面屏，逆光人像,屏幕指纹解锁，人工智能 Jovi AI，新一代OLED全面屏，逆光人像
手机,http://detail.zol.com.cn/cell_phone_index/subcate57_list_1.html,一加6（8GB RAM/全网通） 面部解锁，指纹识别，19:9全面屏，全面屏手势,面部解锁，指纹识别，19:9全面屏，全面屏手势
手机,http://detail.zol.com.cn/cell_phone_index/subcate57_list_1.html,荣耀10（全网通） 变色极光玻璃，前置隐形湿手指纹解锁，2400万AI摄影,变色极光玻璃，前置隐形湿手指纹解锁，2400万AI摄影
手机,http://detail.zol.com.cn/cell_phone_index/subcate57_list_1.html,三星GALAXY S9（全网通） 虹膜识别，面部识别，无线快充，Bixby人工智能实时翻译,虹膜识别，面部识别，无线快充，Bixby人工智能实时翻译
手机,http://detail.zol.com.cn/cell_phone_index/subcate57_list_1.html,苹果iPhone X（全网通） 无线充电，面容ID，后置双摄，全面屏,无线充电，面容ID，后置双摄，全面屏
手机,http://detail.zol.com.cn/cell_phone_index/subcate57_list_1.html,华为P20（全网通） 玻璃机身，AI摄影，异形全面屏,玻璃机身，AI摄影，异形全面屏
手机,http://detail.zol.com.cn/cell_phone_index/subcate57_list_1.html,联想S5（4GB RAM/全网通） 智慧双摄，面部识别，区块链手机,智慧双摄，面部识别，区块链手机
手机,http://detail.zol.com.cn/cell_phone_index/subcate57_list_1.html,小米MIX 2s（6GB RAM/全网通） AI超感光双摄，语音助理，4曲面陶瓷机身，无线充电,AI超感光双摄，语音助理，4曲面陶瓷机身，无线充电
手机,http://detail.zol.com.cn/cell_phone_index/subcate57_list_1.html,锤子科技坚果R1（6GB RAM/全网通） 人工智能引擎，旗舰处理器，18.7:9全面屏，指纹+人脸解锁,人工智能引擎，旗舰处理器，18.7:9全面屏，指纹+人脸解锁
手机,http://detail.zol.com.cn/cell_phone_index/subcate57_list_1.html,vivo X21（全网通） 人工智能，Jovi AI，全面屏，逆光人像,人工智能，Jovi AI，全面屏，逆光人像
手机,http://detail.zol.com.cn/cell_phone_index/subcate57_list_1.html,魅族15（全网通） mBack，mTouch，Flyme 7，全局式触觉反馈系统,mBack，mTouch，Flyme 7，全局式触觉反馈系统
手机,http://detail.zol.com.cn/cell_phone_index/subcate57_list_1.html,苹果iPhone 8 Plus（全网通） 双面玻璃，无线充电，Portrait Lighting，后置双摄,双面玻璃，无线充电，Portrait Lighting，后置双摄
手机,http://detail.zol.com.cn/cell_phone_index/subcate57_list_1.html,360 手机N7（全网通） 全面屏，游戏加速器2.0，安全键盘，后置智慧双摄,全面屏，游戏加速器2.0，安全键盘，后置智慧双摄
手机,http://detail.zol.com.cn/cell_phone_index/subcate57_list_1.html,诺基亚X6 2018（4GB RAM/全网通） 全面屏，指纹识别，AI面部识别，AI悬浮球,全面屏，指纹识别，AI面部识别，AI悬浮球
手机,http://detail.zol.com.cn/cell_phone_index/subcate57_list_1.html,苹果iPhone 8（全网通） 双面玻璃，无线充电，AR游戏,双面玻璃，无线充电，AR游戏
手机,http://detail.zol.com.cn/cell_phone_index/subcate57_list_1.html,苹果iPhone 7（全网通） 防水防尘，True Tone闪光灯，4K视频摄录，非按压式指纹识别,防水防尘，True Tone闪光灯，4K视频摄录，非按压式指纹识别
手机,http://detail.zol.com.cn/cell_phone_index/subcate57_list_1.html,华为nova 3e（全网通） 人脸识别，19:9全面屏，游戏助手，智能语音助手,人脸识别，19:9全面屏，游戏助手，智能语音助手
手机,http://detail.zol.com.cn/cell_phone_index/subcate57_list_1.html,华为P10（VTR-AL00/全网通） 金属钻雕工艺，一体化前置指纹，徕卡镜头，金融级安全芯片,金属钻雕工艺，一体化前置指纹，徕卡镜头，金融级安全芯片
手机,http://detail.zol.com.cn/cell_phone_index/subcate57_list_1.html,三星GALAXY S9+（全网通） 虹膜识别，面部识别，无线快充，Bixby人工智能实时翻译,虹膜识别，面部识别，无线快充，Bixby人工智能实时翻译
手机,http://detail.zol.com.cn/cell_phone_index/subcate57_list_1.html,OPPO R15梦镜版（陶瓷黑/梦境紫/全网通） 19:9超视野全面屏，双面玻璃设计，AI 智能拍照,19:9超视野全面屏，双面玻璃设计，AI 智能拍照
手机,http://detail.zol.com.cn/cell_phone_index/subcate57_list_1.html,荣耀V10（4GB RAM/全网通） 荣耀Hi-Five，指纹识别，人脸识别，AI自拍,荣耀Hi-Five，指纹识别，人脸识别，AI自拍
手机,http://detail.zol.com.cn/cell_phone_index/subcate57_list_1.html,小米6X（4GB RAM/全网通） 前置2000万“治愈系”自拍，AI人脸解锁，标配骁龙660 AIE处理器,前置2000万“治愈系”自拍，AI人脸解锁，标配骁龙660 AIE处理器
手机,http://detail.zol.com.cn/cell_phone_index/subcate57_list_1.html,华为Mate RS保时捷版（全网通） 航空材质，屏幕指纹识别，保时捷设计，四摄像头,航空材质，屏幕指纹识别，保时捷设计，四摄像头
手机,http://detail.zol.com.cn/cell_phone_index/subcate57_list_1.html,OPPO A3（全网通） 128G大内存，钻石纹理设计，超视野全面屏,128G大内存，钻石纹理设计，超视野全面屏
手机,http://detail.zol.com.cn/cell_phone_index/subcate57_list_1.html,小米8（全网通） AI场景相机，L1+L5双频双路定位，红外人脸识别，AI 超感光双摄,AI场景相机，L1+L5双频双路定位，红外人脸识别，AI 超感光双摄
手机,http://detail.zol.com.cn/cell_phone_index/subcate57_list_1.html,苹果iPhone 7 Plus（全网通） 后置双摄像头，多语言文字同时显示，4K视频摄录，Siri语音,后置双摄像头，多语言文字同时显示，4K视频摄录，Siri语音
手机,http://detail.zol.com.cn/cell_phone_index/subcate57_list_1.html,vivo Y85（全网通） 全面屏一体式外观，后置双摄，人像模式，前置AI美颜,全面屏一体式外观，后置双摄，人像模式，前置AI美颜
手机,http://detail.zol.com.cn/cell_phone_index/subcate57_list_1.html,vivo Y71（全网通） 18:9全面屏幕，面部识别，AI美颜拍照,18:9全面屏幕，面部识别，AI美颜拍照
手机,http://detail.zol.com.cn/cell_phone_index/subcate57_list_1.html,苹果iPhone SE 2（全网通） 主屏尺寸:4英寸 主屏材质:OLED 4G网络:移动TD-LTE，联通TD-LTE，联通FDD-LTE，电信TD-LTE，电信FDD-LTE 其他屏幕参数:全面屏 CPU型号:苹果 A10 ROM容量:32GB/128GB 闪光灯:LED补光灯,主屏尺寸:4英寸 主屏材质:OLED 4G网络:移动TD-LTE，联通TD-LTE，联通FDD-LTE，电信TD-LTE，电信FDD-LTE 其他屏幕参数:全面屏 CPU型号:苹果 A10 ROM容量:32GB/128GB 闪光灯:LED补光灯
手机,http://detail.zol.com.cn/cell_phone_index/subcate57_list_1.html,黑鲨游戏手机（6GB RAM/全网通） 液冷散热，一键游戏模式，交互体验,液冷散热，一键游戏模式，交互体验
手机,http://detail.zol.com.cn/cell_phone_index/subcate57_list_1.html,三星GALAXY S8（G9500/双卡版/全网通） 全视曲面屏，Bixby智能助手，虹膜识别，面部识别,全视曲面屏，Bixby智能助手，虹膜识别，面部识别
手机,http://detail.zol.com.cn/cell_phone_index/subcate57_list_1.html,OPPO R9s（全网通） 微缝天线，固态指纹按钮，VOOC闪充，双核对焦,微缝天线，固态指纹按钮，VOOC闪充，双核对焦
手机,http://detail.zol.com.cn/cell_phone_index/subcate57_list_1.html,小米6（6GB RAM/全网通） 玻璃机身，双摄手机，指纹识别，骁龙处理器,玻璃机身，双摄手机，指纹识别，骁龙处理器
手机,http://detail.zol.com.cn/cell_phone_index/subcate57_list_1.html,华为Mate 10（4GB RAM/全网通） 支持4.5G LTE，支持PC模式，麒麟970 AI处理器，指纹识别,支持4.5G LTE，支持PC模式，麒麟970 AI处理器，指纹识别
手机,http://detail.zol.com.cn/cell_phone_index/subcate57_list_1.html,vivo X20（全网通） 全面屏体验，逆光也清晰，面部识别解锁，AI人工智能,全面屏体验，逆光也清晰，面部识别解锁，AI人工智能
手机,http://detail.zol.com.cn/cell_phone_index/subcate57_list_1.html,小米7（全网通） 主屏尺寸:5.65英寸 主屏材质:AMOLED 4G网络:移动TD-LTE，联通TD-LTE，联通FDD-LTE，电信TD-LTE，电信FDD-LTE 其他屏幕参数:全面屏，阳光屏，夜光屏，护眼模式，色温调节，标准模式 CPU型号:高通 骁龙845 RAM容量:6GB 后置摄像头:双1600万像素,主屏尺寸:5.65英寸 主屏材质:AMOLED 4G网络:移动TD-LTE，联通TD-LTE，联通FDD-LTE，电信TD-LTE，电信FDD-LTE 其他屏幕参数:全面屏，阳光屏，夜光屏，护眼模式，色温调节，标准模式 CPU型号:高通 骁龙845 RAM容量:6GB 后置摄像头:双1600万像素
手机,http://detail.zol.com.cn/cell_phone_index/subcate57_list_1.html,苹果iPhone 6S Plus（全网通） 3D Touch，航空铝镁合金材料，支持NFC，Siri语音,3D Touch，航空铝镁合金材料，支持NFC，Siri语音
手机,http://detail.zol.com.cn/cell_phone_index/subcate57_list_1.html,一加6（6GB RAM/全网通） 后置双摄，Dash闪充，指纹识别，AI美拍,后置双摄，Dash闪充，指纹识别，AI美拍
手机,http://detail.zol.com.cn/cell_phone_index/subcate57_list_1.html,华为Mate 9（MHA-AL00/4GB RAM/全网通） 华为超级闪充技术，后置双摄，内置银行U盾，新文件系统F2FS,华为超级闪充技术，后置双摄，内置银行U盾，新文件系统F2FS
手机,http://detail.zol.com.cn/cell_phone_index/subcate57_list_1.html,OPPO A73（全网通） 18:9超清全面屏，面部识别，OPPO互传,18:9超清全面屏，面部识别，OPPO互传
手机,http://detail.zol.com.cn/cell_phone_index/subcate57_list_1.html,OPPO R11（标准版/全网通） 前后2000万像素摄像头，微缝天线2.0，VOOC闪充，WI-FI安全检测,前后2000万像素摄像头，微缝天线2.0，VOOC闪充，WI-FI安全检测
手机,http://detail.zol.com.cn/cell_phone_index/subcate57_list_1.html,OPPO R11s（4GB RAM/全网通） 全面屏一体全金属外观，超清双摄人像模式，VOOC闪充，指纹识别,全面屏一体全金属外观，超清双摄人像模式，VOOC闪充，指纹识别
手机,http://detail.zol.com.cn/cell_phone_index/subcate57_list_1.html,荣耀9（4GB RAM/全网通） 3D曲面极光玻璃，黑白+彩色双摄像头，情景智能，多屏互动,3D曲面极光玻璃，黑白+彩色双摄像头，情景智能，多屏互动
智能手机,http://detail.zol.com.cn/cell_phone_index/subcate57_list_s533_1.html,华为P20 Pro（全网通） 4000万徕卡三摄，AI摄影，异形全面屏,4000万徕卡三摄，AI摄影，异形全面屏
智能手机,http://detail.zol.com.cn/cell_phone_index/subcate57_list_s533_1.html,OPPO R15（6GB RAM/全网通） 19:9超视野全面屏，双面玻璃设计，AI 智能拍照,19:9超视野全面屏，双面玻璃设计，AI 智能拍照
智能手机,http://detail.zol.com.cn/cell_phone_index/subcate57_list_s533_1.html,vivo X21屏幕指纹版（全网通） 屏幕指纹解锁，人工智能 Jovi AI，新一代OLED全面屏，逆光人像,屏幕指纹解锁，人工智能 Jovi AI，新一代OLED全面屏，逆光人像
智能手机,http://detail.zol.com.cn/cell_phone_index/subcate57_list_s533_1.html,一加6（8GB RAM/全网通） 面部解锁，指纹识别，19:9全面屏，全面屏手势,面部解锁，指纹识别，19:9全面屏，全面屏手势
智能手机,http://detail.zol.com.cn/cell_phone_index/subcate57_list_s533_1.html,苹果iPhone X（全网通） 无线充电，面容ID，后置双摄，全面屏,无线充电，面容ID，后置双摄，全面屏
智能手机,http://detail.zol.com.cn/cell_phone_index/subcate57_list_s533_1.html,荣耀10（全网通） 变色极光玻璃，前置隐形湿手指纹解锁，2400万AI摄影,变色极光玻璃，前置隐形湿手指纹解锁，2400万AI摄影
智能手机,http://detail.zol.com.cn/cell_phone_index/subcate57_list_s533_1.html,华为P20（全网通） 玻璃机身，AI摄影，异形全面屏,玻璃机身，AI摄影，异形全面屏
智能手机,http://detail.zol.com.cn/cell_phone_index/subcate57_list_s533_1.html,联想S5（4GB RAM/全网通） 智慧双摄，面部识别，区块链手机,智慧双摄，面部识别，区块链手机
智能手机,http://detail.zol.com.cn/cell_phone_index/subcate57_list_s533_1.html,锤子科技坚果R1（6GB RAM/全网通） 人工智能引擎，旗舰处理器，18.7:9全面屏，指纹+人脸解锁,人工智能引擎，旗舰处理器，18.7:9全面屏，指纹+人脸解锁
智能手机,http://detail.zol.com.cn/cell_phone_index/subcate57_list_s533_1.html,小米MIX 2s（6GB RAM/全网通） AI超感光双摄，语音助理，4曲面陶瓷机身，无线充电,AI超感光双摄，语音助理，4曲面陶瓷机身，无线充电
智能手机,http://detail.zol.com.cn/cell_phone_index/subcate57_list_s533_1.html,vivo X21（全网通） 人工智能，Jovi AI，全面屏，逆光人像,人工智能，Jovi AI，全面屏，逆光人像
智能手机,http://detail.zol.com.cn/cell_phone_index/subcate57_list_s533_1.html,魅族15（全网通） mBack，mTouch，Flyme 7，全局式触觉反馈系统,mBack，mTouch，Flyme 7，全局式触觉反馈系统
智能手机,http://detail.zol.com.cn/cell_phone_index/subcate57_list_s533_1.html,苹果iPhone 8 Plus（全网通） 双面玻璃，无线充电，Portrait Lighting，后置双摄,双面玻璃，无线充电，Portrait Lighting，后置双摄
智能手机,http://detail.zol.com.cn/cell_phone_index/subcate57_list_s533_1.html,360 手机N7（全网通） 全面屏，游戏加速器2.0，安全键盘，后置智慧双摄,全面屏，游戏加速器2.0，安全键盘，后置智慧双摄
智能手机,http://detail.zol.com.cn/cell_phone_index/subcate57_list_s533_1.html,三星GALAXY S9（全网通） 虹膜识别，面部识别，无线快充，Bixby人工智能实时翻译,虹膜识别，面部识别，无线快充，Bixby人工智能实时翻译
智能手机,http://detail.zol.com.cn/cell_phone_index/subcate57_list_s533_1.html,诺基亚X6 2018（4GB RAM/全网通） 全面屏，指纹识别，AI面部识别，AI悬浮球,全面屏，指纹识别，AI面部识别，AI悬浮球
智能手机,http://detail.zol.com.cn/cell_phone_index/subcate57_list_s533_1.html,苹果iPhone 8（全网通） 双面玻璃，无线充电，AR游戏,双面玻璃，无线充电，AR游戏
智能手机,http://detail.zol.com.cn/cell_phone_index/subcate57_list_s533_1.html,苹果iPhone 7（全网通） 防水防尘，True Tone闪光灯，4K视频摄录，非按压式指纹识别,防水防尘，True Tone闪光灯，4K视频摄录，非按压式指纹识别
智能手机,http://detail.zol.com.cn/cell_phone_index/subcate57_list_s533_1.html,华为nova 3e（全网通） 人脸识别，19:9全面屏，游戏助手，智能语音助手,人脸识别，19:9全面屏，游戏助手，智能语音助手
智能手机,http://detail.zol.com.cn/cell_phone_index/subcate57_list_s533_1.html,华为P10（VTR-AL00/全网通） 金属钻雕工艺，一体化前置指纹，徕卡镜头，金融级安全芯片,金属钻雕工艺，一体化前置指纹，徕卡镜头，金融级安全芯片
智能手机,http://detail.zol.com.cn/cell_phone_index/subcate57_list_s533_1.html,三星GALAXY S9+（全网通） 虹膜识别，面部识别，无线快充，Bixby人工智能实时翻译,虹膜识别，面部识别，无线快充，Bixby人工智能实时翻译
智能手机,http://detail.zol.com.cn/cell_phone_index/subcate57_list_s533_1.html,OPPO R15梦镜版（陶瓷黑/梦境紫/全网通） 19:9超视野全面屏，双面玻璃设计，AI 智能拍照,19:9超视野全面屏，双面玻璃设计，AI 智能拍照
智能手机,http://detail.zol.com.cn/cell_phone_index/subcate57_list_s533_1.html,荣耀V10（4GB RAM/全网通） 荣耀Hi-Five，指纹识别，人脸识别，AI自拍,荣耀Hi-Five，指纹识别，人脸识别，AI自拍
智能手机,http://detail.zol.com.cn/cell_phone_index/subcate57_list_s533_1.html,小米6X（4GB RAM/全网通） 前置2000万“治愈系”自拍，AI人脸解锁，标配骁龙660 AIE处理器,前置2000万“治愈系”自拍，AI人脸解锁，标配骁龙660 AIE处理器
智能手机,http://detail.zol.com.cn/cell_phone_index/subcate57_list_s533_1.html,华为Mate RS保时捷版（全网通） 航空材质，屏幕指纹识别，保时捷设计，四摄像头,航空材质，屏幕指纹识别，保时捷设计，四摄像头
智能手机,http://detail.zol.com.cn/cell_phone_index/subcate57_list_s533_1.html,OPPO A3（全网通） 128G大内存，钻石纹理设计，超视野全面屏,128G大内存，钻石纹理设计，超视野全面屏
智能手机,http://detail.zol.com.cn/cell_phone_index/subcate57_list_s533_1.html,小米8（全网通） AI场景相机，L1+L5双频双路定位，红外人脸识别，AI 超感光双摄,AI场景相机，L1+L5双频双路定位，红外人脸识别，AI 超感光双摄
智能手机,http://detail.zol.com.cn/cell_phone_index/subcate57_list_s533_1.html,vivo Y85（全网通） 全面屏一体式外观，后置双摄，人像模式，前置AI美颜,全面屏一体式外观，后置双摄，人像模式，前置AI美颜
智能手机,http://detail.zol.com.cn/cell_phone_index/subcate57_list_s533_1.html,苹果iPhone 7 Plus（全网通） 后置双摄像头，多语言文字同时显示，4K视频摄录，Siri语音,后置双摄像头，多语言文字同时显示，4K视频摄录，Siri语音
智能手机,http://detail.zol.com.cn/cell_phone_index/subcate57_list_s533_1.html,vivo Y71（全网通） 18:9全面屏幕，面部识别，AI美颜拍照,18:9全面屏幕，面部识别，AI美颜拍照
智能手机,http://detail.zol.com.cn/cell_phone_index/subcate57_list_s533_1.html,苹果iPhone SE 2（全网通） 主屏尺寸:4英寸 主屏材质:OLED 4G网络:移动TD-LTE，联通TD-LTE，联通FDD-LTE，电信TD-LTE，电信FDD-LTE 其他屏幕参数:全面屏 CPU型号:苹果 A10 ROM容量:32GB/128GB 闪光灯:LED补光灯,主屏尺寸:4英寸 主屏材质:OLED 4G网络:移动TD-LTE，联通TD-LTE，联通FDD-LTE，电信TD-LTE，电信FDD-LTE 其他屏幕参数:全面屏 CPU型号:苹果 A10 ROM容量:32GB/128GB 闪光灯:LED补光灯
智能手机,http://detail.zol.com.cn/cell_phone_index/subcate57_list_s533_1.html,黑鲨游戏手机（6GB RAM/全网通） 液冷散热，一键游戏模式，交互体验,液冷散热，一键游戏模式，交互体验
智能手机,http://detail.zol.com.cn/cell_phone_index/subcate57_list_s533_1.html,三星GALAXY S8（G9500/双卡版/全网通） 全视曲面屏，Bixby智能助手，虹膜识别，面部识别,全视曲面屏，Bixby智能助手，虹膜识别，面部识别
智能手机,http://detail.zol.com.cn/cell_phone_index/subcate57_list_s533_1.html,OPPO R9s（全网通） 微缝天线，固态指纹按钮，VOOC闪充，双核对焦,微缝天线，固态指纹按钮，VOOC闪充，双核对焦
智能手机,http://detail.zol.com.cn/cell_phone_index/subcate57_list_s533_1.html,小米6（6GB RAM/全网通） 玻璃机身，双摄手机，指纹识别，骁龙处理器,玻璃机身，双摄手机，指纹识别，骁龙处理器
智能手机,http://detail.zol.com.cn/cell_phone_index/subcate57_list_s533_1.html,华为Mate 10（4GB RAM/全网通） 支持4.5G LTE，支持PC模式，麒麟970 AI处理器，指纹识别,支持4.5G LTE，支持PC模式，麒麟970 AI处理器，指纹识别
智能手机,http://detail.zol.com.cn/cell_phone_index/subcate57_list_s533_1.html,vivo X20（全网通） 全面屏体验，逆光也清晰，面部识别解锁，AI人工智能,全面屏体验，逆光也清晰，面部识别解锁，AI人工智能
智能手机,http://detail.zol.com.cn/cell_phone_index/subcate57_list_s533_1.html,小米7（全网通） 主屏尺寸:5.65英寸 主屏材质:AMOLED 4G网络:移动TD-LTE，联通TD-LTE，联通FDD-LTE，电信TD-LTE，电信FDD-LTE 其他屏幕参数:全面屏，阳光屏，夜光屏，护眼模式，色温调节，标准模式 CPU型号:高通 骁龙845 RAM容量:6GB 后置摄像头:双1600万像素,主屏尺寸:5.65英寸 主屏材质:AMOLED 4G网络:移动TD-LTE，联通TD-LTE，联通FDD-LTE，电信TD-LTE，电信FDD-LTE 其他屏幕参数:全面屏，阳光屏，夜光屏，护眼模式，色温调节，标准模式 CPU型号:高通 骁龙845 RAM容量:6GB 后置摄像头:双1600万像素
智能手机,http://detail.zol.com.cn/cell_phone_index/subcate57_list_s533_1.html,苹果iPhone 6S Plus（全网通） 3D Touch，航空铝镁合金材料，支持NFC，Siri语音,3D Touch，航空铝镁合金材料，支持NFC，Siri语音
智能手机,http://detail.zol.com.cn/cell_phone_index/subcate57_list_s533_1.html,一加6（6GB RAM/全网通） 后置双摄，Dash闪充，指纹识别，AI美拍,后置双摄，Dash闪充，指纹识别，AI美拍
智能手机,http://detail.zol.com.cn/cell_phone_index/subcate57_list_s533_1.html,华为Mate 9（MHA-AL00/4GB RAM/全网通） 华为超级闪充技术，后置双摄，内置银行U盾，新文件系统F2FS,华为超级闪充技术，后置双摄，内置银行U盾，新文件系统F2FS
智能手机,http://detail.zol.com.cn/cell_phone_index/subcate57_list_s533_1.html,OPPO A73（全网通） 18:9超清全面屏，面部识别，OPPO互传,18:9超清全面屏，面部识别，OPPO互传
智能手机,http://detail.zol.com.cn/cell_phone_index/subcate57_list_s533_1.html,OPPO R11（标准版/全网通） 前后2000万像素摄像头，微缝天线2.0，VOOC闪充，WI-FI安全检测,前后2000万像素摄像头，微缝天线2.0，VOOC闪充，WI-FI安全检测
智能手机,http://detail.zol.com.cn/cell_phone_index/subcate57_list_s533_1.html,OPPO R11s（4GB RAM/全网通） 全面屏一体全金属外观，超清双摄人像模式，VOOC闪充，指纹识别,全面屏一体全金属外观，超清双摄人像模式，VOOC闪充，指纹识别
智能手机,http://detail.zol.com.cn/cell_phone_index/subcate57_list_s533_1.html,荣耀9（4GB RAM/全网通） 3D曲面极光玻璃，黑白+彩色双摄像头，情景智能，多屏互动,3D曲面极光玻璃，黑白+彩色双摄像头，情景智能，多屏互动
笔记本,http://detail.zol.com.cn/notebook_index/subcate16_list_1.html,联想 小新 潮7000-13系列 MX150 2G独显，背光键盘，酷睿8代处理器，窄边框屏幕,MX150 2G独显，背光键盘，酷睿8代处理器，窄边框屏幕
笔记本,http://detail.zol.com.cn/notebook_index/subcate16_list_1.html,苹果 MacBook Pro（Retina屏）15.4英寸系列 纤薄机身，高速闪存，长久续航，Retina显示屏,纤薄机身，高速闪存，长久续航，Retina显示屏
笔记本,http://detail.zol.com.cn/notebook_index/subcate16_list_1.html,神舟 战神 K650系列 178°广视角屏，孤岛式键盘，双显卡，单风扇散热,178°广视角屏，孤岛式键盘，双显卡，单风扇散热
笔记本,http://detail.zol.com.cn/notebook_index/subcate16_list_1.html,华硕 FX80系列 酷睿8代处理器，GTX 1050 Ti显卡，背光键盘，双风扇+双铜管散热,酷睿8代处理器，GTX 1050 Ti显卡，背光键盘，双风扇+双铜管散热
笔记本,http://detail.zol.com.cn/notebook_index/subcate16_list_1.html,戴尔 Inspiron 灵越 燃7000 II系列（7472） 酷睿8代处理器，MX150显卡，背光键盘，轻薄微边框,酷睿8代处理器，MX150显卡，背光键盘，轻薄微边框
笔记本,http://detail.zol.com.cn/notebook_index/subcate16_list_1.html,惠普 星 14系列 微边框屏幕，楔型边框设计，3D立体全金属键盘，长效续航,微边框屏幕，楔型边框设计，3D立体全金属键盘，长效续航
笔记本,http://detail.zol.com.cn/notebook_index/subcate16_list_1.html,微软 Surface Laptop系列 酷睿7代处理器，PixelSense触控屏，核心显卡，玻璃触控板,酷睿7代处理器，PixelSense触控屏，核心显卡，玻璃触控板
笔记本,http://detail.zol.com.cn/notebook_index/subcate16_list_1.html,联想 拯救者R720-15IKB系列 酷睿7代处理器，GTX10系显卡，专业设计游戏键盘，支持NVMe SSD,酷睿7代处理器，GTX10系显卡，专业设计游戏键盘，支持NVMe SSD
笔记本,http://detail.zol.com.cn/notebook_index/subcate16_list_1.html,HUAWEI MateBook X Pro系列 全面屏，轻薄时尚，高效便捷，金属机身,全面屏，轻薄时尚，高效便捷，金属机身
笔记本,http://detail.zol.com.cn/notebook_index/subcate16_list_1.html,联想 G50-80系列 酷睿5代处理器，高触感巧克力键盘，环绕立体声，入门级显卡,酷睿5代处理器，高触感巧克力键盘，环绕立体声，入门级显卡
笔记本,http://detail.zol.com.cn/notebook_index/subcate16_list_1.html,联想 YOGA 3 Pro系列 3K超高清触控屏，360翻转，Harmony智能模块，WAVES AUDIO认证,3K超高清触控屏，360翻转，Harmony智能模块，WAVES AUDIO认证
笔记本,http://detail.zol.com.cn/notebook_index/subcate16_list_1.html,苹果 MacBook Air 13.3英寸（Broadwell）系列 强劲性能，Flash高速闪存，超长续航，金属轻薄机身,强劲性能，Flash高速闪存，超长续航，金属轻薄机身
笔记本,http://detail.zol.com.cn/notebook_index/subcate16_list_1.html,联想 小新 潮7000系列 1小时充电80%，背光键盘，窄边框，双硬盘轻薄本,1小时充电80%，背光键盘，窄边框，双硬盘轻薄本
笔记本,http://detail.zol.com.cn/notebook_index/subcate16_list_1.html,苹果 MacBook 12英寸系列 金属轻薄机身，高清视网膜屏，USB-C充电接口，阶梯式电池设计,金属轻薄机身，高清视网膜屏，USB-C充电接口，阶梯式电池设计
笔记本,http://detail.zol.com.cn/notebook_index/subcate16_list_1.html,荣耀 MagicBook系列 酷睿8代处理器，5.2mm窄边框，MX150显卡，指纹识别电源键,酷睿8代处理器，5.2mm窄边框，MX150显卡，指纹识别电源键
笔记本,http://detail.zol.com.cn/notebook_index/subcate16_list_1.html,华硕 U4100UQ系列 酷睿7代处理器，940MX性能级显卡，轻薄机身，指纹识别,酷睿7代处理器，940MX性能级显卡，轻薄机身，指纹识别
笔记本,http://detail.zol.com.cn/notebook_index/subcate16_list_1.html,华硕 A555系列 云端同步，美声大师音效技术，Splendid靓彩技术，酷凉散热技术,云端同步，美声大师音效技术，Splendid靓彩技术，酷凉散热技术
笔记本,http://detail.zol.com.cn/notebook_index/subcate16_list_1.html,华硕 X555系列 8系性能显卡，1T海量硬盘，酷冷散热，全尺寸键盘,8系性能显卡，1T海量硬盘，酷冷散热，全尺寸键盘
笔记本,http://detail.zol.com.cn/notebook_index/subcate16_list_1.html,苹果 新款Macbook Pro 13英寸系列 酷睿6代处理器，Touch Bar触控条，4个USB-C接口，支持雷电3,酷睿6代处理器，Touch Bar触控条，4个USB-C接口，支持雷电3
笔记本,http://detail.zol.com.cn/notebook_index/subcate16_list_1.html,华硕 N551系列 B＆O音效，Instant on快速唤醒，WebStorage网络存储，无缝背装分岛式键盘,B＆O音效，Instant on快速唤醒，WebStorage网络存储，无缝背装分岛式键盘
笔记本,http://detail.zol.com.cn/notebook_index/subcate16_list_1.html,华硕 W519L系列 简约大气机身，低能耗处理器，长效续航，入门级显卡,简约大气机身，低能耗处理器，长效续航，入门级显卡
笔记本,http://detail.zol.com.cn/notebook_index/subcate16_list_1.html,苹果 MacBook Air 13.3英寸（Skylake）系列 酷睿6代处理器，全尺寸背光键盘，Multi-Touch触控板，超长续航,酷睿6代处理器，全尺寸背光键盘，Multi-Touch触控板，超长续航
笔记本,http://detail.zol.com.cn/notebook_index/subcate16_list_1.html,联想 S41系列 酷睿5代双核处理器，2G性能独显，高触感巧克力键盘，杜比音效,酷睿5代双核处理器，2G性能独显，高触感巧克力键盘，杜比音效
笔记本,http://detail.zol.com.cn/notebook_index/subcate16_list_1.html,戴尔 Inspiron 灵越 燃7000系列（7460） Waves MaxxAudio音效，7mm全景微边框，拉丝铝合金工艺，高性能显卡,Waves MaxxAudio音效，7mm全景微边框，拉丝铝合金工艺，高性能显卡
笔记本,http://detail.zol.com.cn/notebook_index/subcate16_list_1.html,联想 小新 锐7000系列 酷睿7代处理器，720p摄像头，全尺寸键盘，GTX10系显卡,酷睿7代处理器，720p摄像头，全尺寸键盘，GTX10系显卡
笔记本,http://detail.zol.com.cn/notebook_index/subcate16_list_1.html,ThinkPad T470系列 酷睿7代处理器，性能级独立显卡，720p HD摄像头，指纹识别,酷睿7代处理器，性能级独立显卡，720p HD摄像头，指纹识别
笔记本,http://detail.zol.com.cn/notebook_index/subcate16_list_1.html,苹果 新款Macbook Pro 15英寸系列 超长续航，3K高清Retina屏，Multi-Touch Bar触控条，双显卡,超长续航，3K高清Retina屏，Multi-Touch Bar触控条，双显卡
笔记本,http://detail.zol.com.cn/notebook_index/subcate16_list_1.html,惠普 战66 Pro G1系列 酷睿8代处理器，MX150显卡，全尺寸键盘，指纹识别,酷睿8代处理器，MX150显卡，全尺寸键盘，指纹识别
笔记本,http://detail.zol.com.cn/notebook_index/subcate16_list_1.html,苹果 MacBook Pro 13.3英寸（Broadwell）系列 绚丽视网膜屏，Force Touch触控板，长效续航，环境光传感器,绚丽视网膜屏，Force Touch触控板，长效续航，环境光传感器
笔记本,http://detail.zol.com.cn/notebook_index/subcate16_list_1.html,ThinkPad E470系列 Think Cool散热，杜比音效，IPS广视角屏，全尺寸键盘,Think Cool散热，杜比音效，IPS广视角屏，全尺寸键盘
笔记本,http://detail.zol.com.cn/notebook_index/subcate16_list_1.html,华硕 飞行堡垒FX50系列 玛雅图腾纹路，全高清大屏，酷凉散热技术，云端同步,玛雅图腾纹路，全高清大屏，酷凉散热技术，云端同步
笔记本,http://detail.zol.com.cn/notebook_index/subcate16_list_1.html,戴尔 G7系列 酷睿8代处理器，发烧级显卡，蓝牙5.0，指纹识别,酷睿8代处理器，发烧级显卡，蓝牙5.0，指纹识别
笔记本,http://detail.zol.com.cn/notebook_index/subcate16_list_1.html,戴尔 Inspiron 灵越 14 7000系列游匣7000（7447） 巧克力背光键盘，双显卡，类肤材质，动态平台散热系统,巧克力背光键盘，双显卡，类肤材质，动态平台散热系统
笔记本,http://detail.zol.com.cn/notebook_index/subcate16_list_1.html,机械革命 深海幽灵Z2系列 轻盈纤薄，颜值窄边框，二代光轴机械键盘，酷睿8代处理器,轻盈纤薄，颜值窄边框，二代光轴机械键盘，酷睿8代处理器
笔记本,http://detail.zol.com.cn/notebook_index/subcate16_list_1.html,ThinkPad E580系列 酷睿8代处理器，全尺寸键盘，AMD显卡，180°翻转,酷睿8代处理器，全尺寸键盘，AMD显卡，180°翻转
笔记本,http://detail.zol.com.cn/notebook_index/subcate16_list_1.html,Alienware 18系列 TrueLife显示屏，AlienAdrenaline游戏应用，双显卡，4区多色RGB键盘,TrueLife显示屏，AlienAdrenaline游戏应用，双显卡，4区多色RGB键盘
笔记本,http://detail.zol.com.cn/notebook_index/subcate16_list_1.html,小米 笔记本Air（13.3英寸）系列 无边式7H硬度玻璃屏，AKG扬声器，手环解锁，高性能显卡,无边式7H硬度玻璃屏，AKG扬声器，手环解锁，高性能显卡
笔记本,http://detail.zol.com.cn/notebook_index/subcate16_list_1.html,微软 Surface Pro 3系列 专业级触控笔，2K高清IPS屏幕，多模式一体支架，双摄像头,专业级触控笔，2K高清IPS屏幕，多模式一体支架，双摄像头
笔记本,http://detail.zol.com.cn/notebook_index/subcate16_list_1.html,戴尔 XPS 13系列（9360） 酷睿7代处理器，微边框，超长续航，金属轻薄机身,酷睿7代处理器，微边框，超长续航，金属轻薄机身
笔记本,http://detail.zol.com.cn/notebook_index/subcate16_list_1.html,微软 Surface Book系列 金属轻薄机身，PixelSense触控屏，超长续航，面部识别,金属轻薄机身，PixelSense触控屏，超长续航，面部识别
笔记本,http://detail.zol.com.cn/notebook_index/subcate16_list_1.html,ThinkPad X1 Carbon 2018系列 背光键盘，180°翻转，核心显卡，指纹识别,背光键盘，180°翻转，核心显卡，指纹识别
笔记本,http://detail.zol.com.cn/notebook_index/subcate16_list_1.html,HUAWEI MateBook X系列 超静音，指纹识别，2K级显示屏，轻薄金属机身,超静音，指纹识别，2K级显示屏，轻薄金属机身
笔记本,http://detail.zol.com.cn/notebook_index/subcate16_list_1.html,ThinkPad T480系列 酷睿8代处理器，指纹识别，巧克力键盘，长效续航,酷睿8代处理器，指纹识别，巧克力键盘，长效续航
笔记本,http://detail.zol.com.cn/notebook_index/subcate16_list_1.html,联想 Ideapad 320-15系列 酷睿7代处理器，浮岛式键盘，超长续航，AMD系列显卡,酷睿7代处理器，浮岛式键盘，超长续航，AMD系列显卡
笔记本,http://detail.zol.com.cn/notebook_index/subcate16_list_1.html,联想 小新Air 14系列 酷睿8代处理器，MX150显卡，背光键盘，轻薄微边框,酷睿8代处理器，MX150显卡，背光键盘，轻薄微边框
超极本,http://detail.zol.com.cn/ultrabook/,联想 YOGA 3 Pro系列 3K超高清触控屏，360翻转，Harmony智能模块，WAVES AUDIO认证,3K超高清触控屏，360翻转，Harmony智能模块，WAVES AUDIO认证
超极本,http://detail.zol.com.cn/ultrabook/,微软 Surface Laptop系列 酷睿7代处理器，PixelSense触控屏，核心显卡，玻璃触控板,酷睿7代处理器，PixelSense触控屏，核心显卡，玻璃触控板
超极本,http://detail.zol.com.cn/ultrabook/,ThinkPad X270系列 酷睿7代处理器，指纹识别功能，双电池，背光键盘,酷睿7代处理器，指纹识别功能，双电池，背光键盘
超极本,http://detail.zol.com.cn/ultrabook/,华硕 U4000UQ系列 Eye Care模式，Splendid靓彩技术，高性能显卡，美声大师音效技术,Eye Care模式，Splendid靓彩技术，高性能显卡，美声大师音效技术
超极本,http://detail.zol.com.cn/ultrabook/,戴尔 XPS 13系列（9360） 酷睿7代处理器，微边框，超长续航，金属轻薄机身,酷睿7代处理器，微边框，超长续航，金属轻薄机身
超极本,http://detail.zol.com.cn/ultrabook/,惠普 ENVY 13-AD100TU系列 酷睿8代处理器，轻薄金属机身，背光键盘，核心显卡,酷睿8代处理器，轻薄金属机身，背光键盘，核心显卡
超极本,http://detail.zol.com.cn/ultrabook/,联想 小新 潮7000系列 1小时充电80%，背光键盘，窄边框，双硬盘轻薄本,1小时充电80%，背光键盘，窄边框，双硬盘轻薄本
超极本,http://detail.zol.com.cn/ultrabook/,微软 Surface Pro 3系列 专业级触控笔，2K高清IPS屏幕，多模式一体支架，双摄像头,专业级触控笔，2K高清IPS屏幕，多模式一体支架，双摄像头
超极本,http://detail.zol.com.cn/ultrabook/,微软 Surface Book系列 金属轻薄机身，PixelSense触控屏，超长续航，面部识别,金属轻薄机身，PixelSense触控屏，超长续航，面部识别
超极本,http://detail.zol.com.cn/ultrabook/,微软 Surface Pro（新）系列 超长续航，隐藏摄像机，支架铰链，Surface触控笔,超长续航，隐藏摄像机，支架铰链，Surface触控笔
超极本,http://detail.zol.com.cn/ultrabook/,微软 Surface Book 2（13寸）系列 酷睿8代处理器，可拆卸键盘，触控屏，轻薄金属机身,酷睿8代处理器，可拆卸键盘，触控屏，轻薄金属机身
超极本,http://detail.zol.com.cn/ultrabook/,微软 Surface Pro 4系列 面部识别，PixelSense触控屏，双摄像头，专业级触控笔,面部识别，PixelSense触控屏，双摄像头，专业级触控笔
超极本,http://detail.zol.com.cn/ultrabook/,联想 小新 潮5000系列 轻薄便携，全尺寸键盘，酷睿7代处理器，AMD系列显卡,轻薄便携，全尺寸键盘，酷睿7代处理器，AMD系列显卡
超极本,http://detail.zol.com.cn/ultrabook/,HUAWEI MateBook系列 一键热点上网，2K高清IPS触控屏，极速侧面指纹，超静音,一键热点上网，2K高清IPS触控屏，极速侧面指纹，超静音
超极本,http://detail.zol.com.cn/ultrabook/,联想 小新Air 13 Pro系列 JBL保真音箱，金属轻薄机身，高性能显卡，指纹识别,JBL保真音箱，金属轻薄机身，高性能显卡，指纹识别
超极本,http://detail.zol.com.cn/ultrabook/,戴尔 XPS 13系列（9350） 时尚简约外观，高清微边框屏幕，128G极速固态硬盘，超长续航,时尚简约外观，高清微边框屏幕，128G极速固态硬盘，超长续航
超极本,http://detail.zol.com.cn/ultrabook/,ThinkPad New S2系列 轻薄金属机身，180度屏幕开合，极速硬盘，全高清IPS屏幕,轻薄金属机身，180度屏幕开合，极速硬盘，全高清IPS屏幕
超极本,http://detail.zol.com.cn/ultrabook/,联想 小新Air 12系列 超长续航，金属轻薄机身，超静音，100G云盘,超长续航，金属轻薄机身，超静音，100G云盘
超极本,http://detail.zol.com.cn/ultrabook/,ThinkPad X1 Carbon 4代 碳纤维材质，轻薄随身，长久续航，指纹识别,碳纤维材质，轻薄随身，长久续航，指纹识别
超极本,http://detail.zol.com.cn/ultrabook/,联想 IdeaPad 710S系列 金属轻薄机身，窄边框屏幕，双风扇散热，170°广视角屏,金属轻薄机身，窄边框屏幕，双风扇散热，170°广视角屏
超极本,http://detail.zol.com.cn/ultrabook/,ThinkPad X1 Yoga系列 360度翻转触控，杜比音效，指纹识别，核心显卡,360度翻转触控，杜比音效，指纹识别，核心显卡
超极本,http://detail.zol.com.cn/ultrabook/,联想 YOGA 710-14系列 高性能显卡，窄边框屏幕，360°翻转，超长续航,高性能显卡，窄边框屏幕，360°翻转，超长续航
超极本,http://detail.zol.com.cn/ultrabook/,华硕 TP200SA系列 赛扬双核处理器，核芯显卡，全尺寸键盘，360°翻转,赛扬双核处理器，核芯显卡，全尺寸键盘，360°翻转
超极本,http://detail.zol.com.cn/ultrabook/,惠普 ENVY 13-AD100TX系列 酷睿8代处理器，轻薄金属机身，背光键盘，MX150显卡,酷睿8代处理器，轻薄金属机身，背光键盘，MX150显卡
超极本,http://detail.zol.com.cn/ultrabook/,联想 YOGA Book系列 X5 Z8500，十点触控，IPS屏幕，核芯显卡,X5 Z8500，十点触控，IPS屏幕，核芯显卡
超极本,http://detail.zol.com.cn/ultrabook/,华硕 灵耀3 Pro系列 酷睿7代处理器，高性能显卡，指纹识别，背光键盘,酷睿7代处理器，高性能显卡，指纹识别，背光键盘
超极本,http://detail.zol.com.cn/ultrabook/,ThinkPad X1 Carbon 2017系列 酷睿7代处理器，720p摄像头，5毫米微边框，巧克力背光键盘,酷睿7代处理器，720p摄像头，5毫米微边框，巧克力背光键盘
超极本,http://detail.zol.com.cn/ultrabook/,联想 拯救者 Y520系列 双风扇+双铜管散热，红色背光键盘，GTX 10系显卡，IPS屏,双风扇+双铜管散热，红色背光键盘，GTX 10系显卡，IPS屏
超极本,http://detail.zol.com.cn/ultrabook/,联想 YOGA 5 Pro系列 表链式转轴设计，指纹识别，IPS广视角炫彩触控屏，JBL保真音箱,表链式转轴设计，指纹识别，IPS广视角炫彩触控屏，JBL保真音箱
超极本,http://detail.zol.com.cn/ultrabook/,华硕 灵耀360系列 指纹识别，360°翻转，快充超长续航，全尺寸背光键盘,指纹识别，360°翻转，快充超长续航，全尺寸背光键盘
超极本,http://detail.zol.com.cn/ultrabook/,联想 小新Air 13系列 窄边框金属机身，1080P高清IPS屏，可调节背光键盘，核心显卡,窄边框金属机身，1080P高清IPS屏，可调节背光键盘，核心显卡
超极本,http://detail.zol.com.cn/ultrabook/,联想 Miix 5系列 酷睿i3 6100U，支持十点触控，核芯显卡，二合一笔记本,酷睿i3 6100U，支持十点触控，核芯显卡，二合一笔记本
超极本,http://detail.zol.com.cn/ultrabook/,联想 Miix 5系列 酷睿i5 6200U，SSD固态硬盘，支持十点触控，核芯显卡，双摄像头,酷睿i5 6200U，SSD固态硬盘，支持十点触控，核芯显卡，双摄像头
超极本,http://detail.zol.com.cn/ultrabook/,联想 Miix 5系列 酷睿i7 6500U，十点触控，IPS屏幕，核芯显卡,酷睿i7 6500U，十点触控，IPS屏幕，核芯显卡
超极本,http://detail.zol.com.cn/ultrabook/,ThinkPad X1 Carbon（2015版）系列 酷睿i7 5500U/8GB/512GB SDD/2560x1440/Win10,酷睿i7 5500U/8GB/512GB SDD/2560x1440/Win10
超极本,http://detail.zol.com.cn/ultrabook/,ThinkPad X1 Carbon（2015版）系列 180度开合，长效续航，变色龙键盘,180度开合，长效续航，变色龙键盘
超极本,http://detail.zol.com.cn/ultrabook/,华硕 T3 Chi系列 12.5英寸2合一娱乐超极本，酷睿M双核处理器，支持蓝牙功能，可拆卸式键盘,12.5英寸2合一娱乐超极本，酷睿M双核处理器，支持蓝牙功能，可拆卸式键盘
超极本,http://detail.zol.com.cn/ultrabook/,华硕 灵耀3系列 Splendid靓彩技术，IPS广视角防炫目屏，美声大师音效技术，液晶聚合物散热风扇,Splendid靓彩技术，IPS广视角防炫目屏，美声大师音效技术，液晶聚合物散热风扇
超极本,http://detail.zol.com.cn/ultrabook/,ThinkPad X1 Carbon 2016系列 轻薄便携机身，六代酷睿i5双核，LPDDR3低功耗内存，杜比音效,轻薄便携机身，六代酷睿i5双核，LPDDR3低功耗内存，杜比音效
超极本,http://detail.zol.com.cn/ultrabook/,联想 YOGA 4 PRO系列 表链式转轴，3K触控屏，背光键盘，核心显卡,表链式转轴，3K触控屏，背光键盘，核心显卡
超极本,http://detail.zol.com.cn/ultrabook/,联想 YOGA 720-13IKB系列 酷睿7代处理器，触控屏幕，360°翻转，指纹识别,酷睿7代处理器，触控屏幕，360°翻转，指纹识别
超极本,http://detail.zol.com.cn/ultrabook/,戴尔 XPS 13 微边框（9365）系列 超静音，InfinityEdge显示屏，360°翻转，指纹识别,超静音，InfinityEdge显示屏，360°翻转，指纹识别
超极本,http://detail.zol.com.cn/ultrabook/,ThinkPad S5 Yoga系列 高清广视角IPS屏，JBL音响，背光键盘，支持触控,高清广视角IPS屏，JBL音响，背光键盘，支持触控
超极本,http://detail.zol.com.cn/ultrabook/,惠普 ENVY 13-D000系列 金属机身一体化，高速M2固态硬盘，丹麦B&O音响，分岛式键盘,金属机身一体化，高速M2固态硬盘，丹麦B&O音响，分岛式键盘
超极本,http://detail.zol.com.cn/ultrabook/,Razer Blade灵刃系列 酷睿7代处理器，200万像素摄像头，发烧级显卡，Chroma幻彩键盘,酷睿7代处理器，200万像素摄像头，发烧级显卡，Chroma幻彩键盘
超极本,http://detail.zol.com.cn/ultrabook/,ThinkPad New S2 2017系列 指纹识别，超长续航，IPS屏幕，全尺寸键盘,指纹识别，超长续航，IPS屏幕，全尺寸键盘
超极本,http://detail.zol.com.cn/ultrabook/,三星 300E5K系列 入门级显卡，全尺寸键盘，时尚轻薄，丰富接口,入门级显卡，全尺寸键盘，时尚轻薄，丰富接口
超极本,http://detail.zol.com.cn/ultrabook/,联想 IdeaPad 700S系列 红色烤漆边框，酷睿M性能处理器，纤薄机身，全尺寸键盘,红色烤漆边框，酷睿M性能处理器，纤薄机身，全尺寸键盘
台式电脑,http://detail.zol.com.cn/desktop_pc/,联想拯救者 刃9000(i7 8700/16GB/128GB+1TB/8G独显) 酷睿i7 8700，16GB，128GB+1TB，8G独显,酷睿i7 8700，16GB，128GB+1TB，8G独显
台式电脑,http://detail.zol.com.cn/desktop_pc/,华硕飞行堡垒S M80(M80CJ-I738AM1) 酷睿i5 7300HQ/8GB/128GB+1TB/GTX1060 3GB,酷睿i5 7300HQ/8GB/128GB+1TB/GTX1060 3GB
台式电脑,http://detail.zol.com.cn/desktop_pc/,戴尔Vostro 成就 3650系列 微塔式机(3650-D1938) 酷睿i7 6700/8GB/1TB/DVD刻录/R9 360 2GB/单主机/Win10,酷睿i7 6700/8GB/1TB/DVD刻录/R9 360 2GB/单主机/Win10
台式电脑,http://detail.zol.com.cn/desktop_pc/,惠普光影精灵II代 690-058cn 酷睿i5 8400/16GB/128GB+1TB/GTX1060 6G独显,酷睿i5 8400/16GB/128GB+1TB/GTX1060 6G独显
台式电脑,http://detail.zol.com.cn/desktop_pc/,Alienware Area-51(ALWA51D-7958S) 酷睿i9 7980XE/32GB/512GB+2TB/GTX1080Ti 11G独显,酷睿i9 7980XE/32GB/512GB+2TB/GTX1080Ti 11G独显
台式电脑,http://detail.zol.com.cn/desktop_pc/,联想ThinkCentre M910t(i5 7500/4GB/1TB/2G独显) 酷睿i5 7500/4GB/1TB/2G独显,酷睿i5 7500/4GB/1TB/2G独显
台式电脑,http://detail.zol.com.cn/desktop_pc/,华硕飞行堡垒S M80(M80CJ-I7381M1) 酷睿i5 7300HQ/8GB/1TB/GTX1060 3GB,酷睿i5 7300HQ/8GB/1TB/GTX1060 3GB
台式电脑,http://detail.zol.com.cn/desktop_pc/,华硕飞行堡垒S M80(M80CJ-I738HM1) 酷睿i5 7300HQ/8GB/512GB+1TB/GTX1060 3GB,酷睿i5 7300HQ/8GB/512GB+1TB/GTX1060 3GB
台式电脑,http://detail.zol.com.cn/desktop_pc/,联想扬天T4900D(i3 7100/4GB/500GB/集显/DVD) 酷睿i3 7100/4GB/500GB/集显/DVD,酷睿i3 7100/4GB/500GB/集显/DVD
台式电脑,http://detail.zol.com.cn/desktop_pc/,华硕飞行堡垒 G11(G11CD-I67A8M1) 六代i7处理器，8G内存，128SSD+1T硬盘，GTX960显卡,六代i7处理器，8G内存，128SSD+1T硬盘，GTX960显卡
台式电脑,http://detail.zol.com.cn/desktop_pc/,联想启天B415(i5 7500/4GB/1TB/核显) 酷睿i5 7500/4GB/1TB/核显,酷睿i5 7500/4GB/1TB/核显
台式电脑,http://detail.zol.com.cn/desktop_pc/,三角形主机 区块链节点，日常办公娱乐的基础上，又进行锐角币ACC的挖矿,区块链节点，日常办公娱乐的基础上，又进行锐角币ACC的挖矿
台式电脑,http://detail.zol.com.cn/desktop_pc/,联想启天M415(i5 7500/8GB/128GB+1TB/2G独显) 酷睿i5 7500/8GB/128GB+1TB/2G独显,酷睿i5 7500/8GB/128GB+1TB/2G独显
台式电脑,http://detail.zol.com.cn/desktop_pc/,华硕BM2CF-I7A18210 酷睿i7 6700/8GB/1TB/GT720 2GB独显/DOS,酷睿i7 6700/8GB/1TB/GT720 2GB独显/DOS
台式电脑,http://detail.zol.com.cn/desktop_pc/,惠普光影精灵II代 690-053cn 酷睿i5 8400/8GB/128GB+1TB/GTX1060 3G独显,酷睿i5 8400/8GB/128GB+1TB/GTX1060 3G独显
台式电脑,http://detail.zol.com.cn/desktop_pc/,联想拯救者 刃7000(i5 7400/8GB/128GB/3G独显) 酷睿i5 7400/8GB/128GB/GTX1060 3G独显,酷睿i5 7400/8GB/128GB/GTX1060 3G独显
台式电脑,http://detail.zol.com.cn/desktop_pc/,Alienware Area-51(ALWA51D-4738) 酷睿i7 6800K/8GB/128GB+2TB 混合/GTX1070 8GB,酷睿i7 6800K/8GB/128GB+2TB 混合/GTX1070 8GB
台式电脑,http://detail.zol.com.cn/desktop_pc/,联想扬天T4900D(i5 7400/4GB/1TB/1G独显/无光驱) 酷睿i5 7400/4GB/1TB/1G独显/无光驱,酷睿i5 7400/4GB/1TB/1G独显/无光驱
台式电脑,http://detail.zol.com.cn/desktop_pc/,联想扬天M4000e(i5 6500/8GB/1TB/2G独显) 酷睿i3 6500/8GB/1TB/2G独显/win10/21.5英寸/DVD刻录机,酷睿i3 6500/8GB/1TB/2G独显/win10/21.5英寸/DVD刻录机
台式电脑,http://detail.zol.com.cn/desktop_pc/,华硕飞行堡垒 G11(G11CD-I67A8M2) 酷睿i7 6700/8GB/128GB SSD+1TB/GTX970 4GB独显/win10,酷睿i7 6700/8GB/128GB SSD+1TB/GTX970 4GB独显/win10
台式电脑,http://detail.zol.com.cn/desktop_pc/,联想拯救者 Y720(i5 7400/8GB/128GB+1TB/4G独显) 酷睿i5 7400/8GB/128GB+1TB/GTX1050Ti 4G独显,酷睿i5 7400/8GB/128GB+1TB/GTX1050Ti 4G独显
台式电脑,http://detail.zol.com.cn/desktop_pc/,惠普光影精灵 580-056cn 酷睿i5 7400/8G/128GB+1TB/GTX1060 3G独显,酷睿i5 7400/8G/128GB+1TB/GTX1060 3G独显
台式电脑,http://detail.zol.com.cn/desktop_pc/,联想启天M4650(i5 6500/4GB/1TB/集显) 酷睿i5 6500/4GB/1TB/集显/Win7,酷睿i5 6500/4GB/1TB/集显/Win7
台式电脑,http://detail.zol.com.cn/desktop_pc/,联想启天M410(i5 7500/4GB/128GB+1TB/核显) 酷睿i5 7500/4GB/128GB+1TB/核显,酷睿i5 7500/4GB/128GB+1TB/核显
台式电脑,http://detail.zol.com.cn/desktop_pc/,华硕灵睿 K20CD(K20CD-I61A4M1) 酷睿i3 6100/4GB/128GB+1TB/GT730 2GB独显/Win10,酷睿i3 6100/4GB/128GB+1TB/GT730 2GB独显/Win10
台式电脑,http://detail.zol.com.cn/desktop_pc/,戴尔全新XPS特别版8930-D1AN9S 酷睿i7 8700K/16GB/512GB+2TB/GTX1080 8GB,酷睿i7 8700K/16GB/512GB+2TB/GTX1080 8GB
台式电脑,http://detail.zol.com.cn/desktop_pc/,华硕飞行堡垒 G11(G11CD-I77A8M1) 酷睿i7 7700/8GB/128GB SSD+1TB/GTX1060 3GB独显/win10,酷睿i7 7700/8GB/128GB SSD+1TB/GTX1060 3GB独显/win10
台式电脑,http://detail.zol.com.cn/desktop_pc/,联想拯救者 Y720(i7 7700/16GB/128GB+1TB/8G独显) 酷睿i7 7700/16GB/128GB+1TB/GTX1080 8G独显,酷睿i7 7700/16GB/128GB+1TB/GTX1080 8G独显
台式电脑,http://detail.zol.com.cn/desktop_pc/,联想天逸510 Pro(i5 7400/8GB/1TB/2G独显) 酷睿i5 7400/8GB/1TB/GT730 2G独显,酷睿i5 7400/8GB/1TB/GT730 2G独显
台式电脑,http://detail.zol.com.cn/desktop_pc/,联想扬天A8000t(i7 7700/16GB/256GB+1TB/2G独显) 酷睿i7 7700/16GB/256GB+1TB/R5 350 2G独显/23英寸显示器,酷睿i7 7700/16GB/256GB+1TB/R5 350 2G独显/23英寸显示器
台式电脑,http://detail.zol.com.cn/desktop_pc/,戴尔Inspiron 灵越 台式机(3668-D18N2) 酷睿i5 7400/8GB/128GB+1TB/2G 730,酷睿i5 7400/8GB/128GB+1TB/2G 730
台式电脑,http://detail.zol.com.cn/desktop_pc/,戴尔Inspiron 灵越台式机 Intel(3650-D1838) 酷睿i5 6400/8GB/1TB/2GB独显/Win10,酷睿i5 6400/8GB/1TB/2GB独显/Win10
台式电脑,http://detail.zol.com.cn/desktop_pc/,华硕ROG GT51CA(i7 6700K/32GB/512GB+2TB/8G独显) 酷睿i7 6700K/32GB/512GB+2TB/GTX 980 8G独显/Win10,酷睿i7 6700K/32GB/512GB+2TB/GTX 980 8G独显/Win10
台式电脑,http://detail.zol.com.cn/desktop_pc/,联想启天M410(i5 6500/4GB/1TB/2G独显) 酷睿i5 6500/4GB/1TB/2G独显,酷睿i5 6500/4GB/1TB/2G独显
台式电脑,http://detail.zol.com.cn/desktop_pc/,戴尔Vostro 成就 3668系列 微塔式机(3668-D3428B) 酷睿i5 7400/4GB/1TB/集显,酷睿i5 7400/4GB/1TB/集显
台式电脑,http://detail.zol.com.cn/desktop_pc/,联想IdeaCentre 天逸510S(i5 7400/8GB/128GB+1TB/集显) 酷睿i5 7400/8GB/128GB+1TB/集显,酷睿i5 7400/8GB/128GB+1TB/集显
台式电脑,http://detail.zol.com.cn/desktop_pc/,联想拯救者 刃7000 II代(i7 8700/8GB/128GB+1TB/6G独显) 产品类型:家用电脑，游戏电脑 操作系统:预装Windows 10 家庭中文版 CPU频率:3.2GHz 核心/线程数:六核心/十二线程 内存容量:8GBGB 内存类型:DDR4 2666MHz 硬盘容量:128GB+1TB,产品类型:家用电脑，游戏电脑 操作系统:预装Windows 10 家庭中文版 CPU频率:3.2GHz 核心/线程数:六核心/十二线程 内存容量:8GBGB 内存类型:DDR4 2666MHz 硬盘容量:128GB+1TB
台式电脑,http://detail.zol.com.cn/desktop_pc/,戴尔OptiPlex 3046系列 小型机箱(N015O3046SFF-D1515CN) 酷睿i5 6500/4GB/500GB/集显/NeoKylin OS,酷睿i5 6500/4GB/500GB/集显/NeoKylin OS
台式电脑,http://detail.zol.com.cn/desktop_pc/,联想ThinkCentre M910t(i7 7700/8GB/1TB/2G独显) 酷睿i7 7700/8GB/1TB/2G独显,酷睿i7 7700/8GB/1TB/2G独显
台式电脑,http://detail.zol.com.cn/desktop_pc/,华硕玩家国度 ROG GD30CI-I77GAM6 酷睿i7 7700/16GB/256GB+1TB/GTX1060 6GB独显,酷睿i7 7700/16GB/256GB+1TB/GTX1060 6GB独显
台式电脑,http://detail.zol.com.cn/desktop_pc/,戴尔OptiPlex 7050系列 微塔式机(AO7050MT) 酷睿i5 7500/4GB/500GB/集显,酷睿i5 7500/4GB/500GB/集显
台式电脑,http://detail.zol.com.cn/desktop_pc/,联想天逸510 Pro(i7 7700/8GB/1TB/2G独显) 酷睿i7 7700/8GB/1TB/GT730 2G独显,酷睿i7 7700/8GB/1TB/GT730 2G独显
台式电脑,http://detail.zol.com.cn/desktop_pc/,戴尔OptiPlex 7050系列 微塔式机(N116o7050M-d1815CN) 酷睿i7 7700/8GB/1TB/R5 430 2G独显,酷睿i7 7700/8GB/1TB/R5 430 2G独显
台式电脑,http://detail.zol.com.cn/desktop_pc/,Alienware Area-51(ALWA51D-5978S) 酷睿i7 6950X/32GB/512GB+2TB 混合/1080Ti 11GB,酷睿i7 6950X/32GB/512GB+2TB 混合/1080Ti 11GB
台式电脑,http://detail.zol.com.cn/desktop_pc/,联想启天M415(i7 7700/8GB/1TB/2G独显) 酷睿i7 7700/8GB/1TB/2G独显,酷睿i7 7700/8GB/1TB/2G独显
台式电脑,http://detail.zol.com.cn/desktop_pc/,联想拯救者 刃7000(i5 8400/8GB/128GB/3G独显) 酷睿i5 8400/8GB/128GB/GTX1060 3G独显,酷睿i5 8400/8GB/128GB/GTX1060 3G独显
台式电脑,http://detail.zol.com.cn/desktop_pc/,联想扬天T4900D(i7 7700/8GB/1TB/2G独显/DVD) 酷睿i7 7700/8GB/1TB/2G独显/DVD,酷睿i7 7700/8GB/1TB/2G独显/DVD
台式电脑,http://detail.zol.com.cn/desktop_pc/,惠普暗影精灵X(i9 7900X/32GB/512GB+3TB/11G独显) 产品类型:家用电脑 操作系统:预装Windows 10 64bit（64位简体中文版） CPU频率:3.3GHz 核心/线程数:十核心/二十线程 内存容量:32（2×16）GB 内存类型:DDR4 2133MHz 硬盘容量:512GB+3TB,产品类型:家用电脑 操作系统:预装Windows 10 64bit（64位简体中文版） CPU频率:3.3GHz 核心/线程数:十核心/二十线程 内存容量:32（2×16）GB 内存类型:DDR4 2133MHz 硬盘容量:512GB+3TB
数码相机,http://detail.zol.com.cn/digital_camera_index/subcate15_list_1.html,佳能5D Mark IV(单机) 双对焦系统，7张/秒来连拍，4K视频,双对焦系统，7张/秒来连拍，4K视频
数码相机,http://detail.zol.com.cn/digital_camera_index/subcate15_list_1.html,尼康D850(单机) 全画幅高端单反，4K超高清视频，8K延时摄影,全画幅高端单反，4K超高清视频，8K延时摄影
数码相机,http://detail.zol.com.cn/digital_camera_index/subcate15_list_1.html,索尼A7 III(单机) 防抖性能:五轴防抖 上市日期:2018年3月 产品类型:微单 传感器类型:背照式CMOS 传感器尺寸:全画幅 有效像素:2420万 光学变焦:0倍,防抖性能:五轴防抖 上市日期:2018年3月 产品类型:微单 传感器类型:背照式CMOS 传感器尺寸:全画幅 有效像素:2420万 光学变焦:0倍
数码相机,http://detail.zol.com.cn/digital_camera_index/subcate15_list_1.html,富士X-H1 防抖性能:机身五轴防抖 上市日期:2018年3月 产品类型:微单 传感器类型:X-Trans CMOS III 传感器尺寸:APS-C画幅（23.5*15.6mm） 有效像素:2430万 光学变焦:0倍,防抖性能:机身五轴防抖 上市日期:2018年3月 产品类型:微单 传感器类型:X-Trans CMOS III 传感器尺寸:APS-C画幅（23.5*15.6mm） 有效像素:2430万 光学变焦:0倍
数码相机,http://detail.zol.com.cn/digital_camera_index/subcate15_list_1.html,宾得K-1(单机) 全画幅，翻转屏，五轴机身防抖,全画幅，翻转屏，五轴机身防抖
数码相机,http://detail.zol.com.cn/digital_camera_index/subcate15_list_1.html,理光GR II 轻巧型卡片机，全高清拍摄，支持NFC,轻巧型卡片机，全高清拍摄，支持NFC
数码相机,http://detail.zol.com.cn/digital_camera_index/subcate15_list_1.html,佳能EOS M50(单机) 防抖性能:5轴电子防抖 上市日期:2018年03月 产品类型:微单 传感器类型:CMOS 传感器尺寸:APS-C画幅（22.3*14.9mm） 有效像素:2410万 光学变焦:0倍,防抖性能:5轴电子防抖 上市日期:2018年03月 产品类型:微单 传感器类型:CMOS 传感器尺寸:APS-C画幅（22.3*14.9mm） 有效像素:2410万 光学变焦:0倍
数码相机,http://detail.zol.com.cn/digital_camera_index/subcate15_list_1.html,佳能6D Mark II(单机) 全画幅高端单反，外接闪光灯，NFC功能,全画幅高端单反，外接闪光灯，NFC功能
数码相机,http://detail.zol.com.cn/digital_camera_index/subcate15_list_1.html,尼康D810(单机) 精准对焦，高速连拍，全清动画录制,精准对焦，高速连拍，全清动画录制
数码相机,http://detail.zol.com.cn/digital_camera_index/subcate15_list_1.html,佳能80D(单机) 云存储，45点十字对焦，内置WiFi与NFC,云存储，45点十字对焦，内置WiFi与NFC
数码相机,http://detail.zol.com.cn/digital_camera_index/subcate15_list_1.html,尼康D750(单机) 轻巧机身，亮度重点测光，可翻转LCD屏,轻巧机身，亮度重点测光，可翻转LCD屏
数码相机,http://detail.zol.com.cn/digital_camera_index/subcate15_list_1.html,佳能6D(单机) 全画幅，高感出众，内置Wi-Fi,全画幅，高感出众，内置Wi-Fi
数码相机,http://detail.zol.com.cn/digital_camera_index/subcate15_list_1.html,佳能G7 X Mark II 1英寸卡片机，小巧时尚外观，触控操作,1英寸卡片机，小巧时尚外观，触控操作
数码相机,http://detail.zol.com.cn/digital_camera_index/subcate15_list_1.html,佳能EOS M6(单机) APS-C画幅CMOS传感器，7张/秒连拍速度，全高清视频拍摄,APS-C画幅CMOS传感器，7张/秒连拍速度，全高清视频拍摄
数码相机,http://detail.zol.com.cn/digital_camera_index/subcate15_list_1.html,佳能G1 X Mark III APS-C画幅传感器，内置电子取景器，支持光学防抖,APS-C画幅传感器，内置电子取景器，支持光学防抖
数码相机,http://detail.zol.com.cn/digital_camera_index/subcate15_list_1.html,尼康D7200(单机) 光学取景，APS-C画幅，EXPEED 4图形处理器,光学取景，APS-C画幅，EXPEED 4图形处理器
数码相机,http://detail.zol.com.cn/digital_camera_index/subcate15_list_1.html,索尼A7 II(单机) 全画幅，五轴防抖，2430万有效像素，混合对焦,全画幅，五轴防抖，2430万有效像素，混合对焦
数码相机,http://detail.zol.com.cn/digital_camera_index/subcate15_list_1.html,佳能70D(单机) 触控翻转屏，全像素双核，内置WiFi,触控翻转屏，全像素双核，内置WiFi
数码相机,http://detail.zol.com.cn/digital_camera_index/subcate15_list_1.html,佳能5D Mark III(单机) 全画幅，61点对焦，防尘防水滴,全画幅，61点对焦，防尘防水滴
数码相机,http://detail.zol.com.cn/digital_camera_index/subcate15_list_1.html,佳能EOS M100(单机) APS-C画幅CMOS传感器，全高清视频拍摄，内置对焦辅助灯,APS-C画幅CMOS传感器，全高清视频拍摄，内置对焦辅助灯
数码相机,http://detail.zol.com.cn/digital_camera_index/subcate15_list_1.html,佳能EOS 200D套机(18-55mm IS STM) APS-C画幅相机套机，18-55mm实际焦距，全高清拍摄,APS-C画幅相机套机，18-55mm实际焦距，全高清拍摄
数码相机,http://detail.zol.com.cn/digital_camera_index/subcate15_list_1.html,佳能60D(单机) RAW图像处理，可旋转屏，创意滤镜,RAW图像处理，可旋转屏，创意滤镜
数码相机,http://detail.zol.com.cn/digital_camera_index/subcate15_list_1.html,尼康D610(单机) 小巧机身，Qc快门释放模式，全高清动画,小巧机身，Qc快门释放模式，全高清动画
数码相机,http://detail.zol.com.cn/digital_camera_index/subcate15_list_1.html,索尼ILCE-6000(单机) APS-C画幅，4D对焦，OLED电子取景器,APS-C画幅，4D对焦，OLED电子取景器
数码相机,http://detail.zol.com.cn/digital_camera_index/subcate15_list_1.html,尼康D5300(单机) 可翻转LCD屏，无线遥控拍摄，光学取景器,可翻转LCD屏，无线遥控拍摄，光学取景器
数码相机,http://detail.zol.com.cn/digital_camera_index/subcate15_list_1.html,尼康D5(单机) 高感光度，4K视频拍摄，三种自动白平衡模式,高感光度，4K视频拍摄，三种自动白平衡模式
数码相机,http://detail.zol.com.cn/digital_camera_index/subcate15_list_1.html,索尼A7RII(单机) 全画幅微单，4K视频录制，五轴防抖,全画幅微单，4K视频录制，五轴防抖
数码相机,http://detail.zol.com.cn/digital_camera_index/subcate15_list_1.html,佳能5Ds(单机) 5060万有效像素，宽容度高,5060万有效像素，宽容度高
数码相机,http://detail.zol.com.cn/digital_camera_index/subcate15_list_1.html,尼康D7100(单机) 高密度自动对焦，光学低通滤镜，全高清摄像,高密度自动对焦，光学低通滤镜，全高清摄像
数码相机,http://detail.zol.com.cn/digital_camera_index/subcate15_list_1.html,索尼A7RIII(单机) 全画幅Exmor R CMOS传感器，4K超高清视频拍摄，内置WIFI和蓝牙功能,全画幅Exmor R CMOS传感器，4K超高清视频拍摄，内置WIFI和蓝牙功能
数码相机,http://detail.zol.com.cn/digital_camera_index/subcate15_list_1.html,索尼ILCE-9(单机) 全画幅微单，4K超高清视频拍摄，混合式自动对焦系统,全画幅微单，4K超高清视频拍摄，混合式自动对焦系统
数码相机,http://detail.zol.com.cn/digital_camera_index/subcate15_list_1.html,索尼A6300(单机) APS-C画幅，高密度智能对焦，4K拍摄,APS-C画幅，高密度智能对焦，4K拍摄
数码相机,http://detail.zol.com.cn/digital_camera_index/subcate15_list_1.html,佳能80D套机(EF-S 18-135mm IS USM) 中端单反，高像素密度，传感器性能均衡,中端单反，高像素密度，传感器性能均衡
数码相机,http://detail.zol.com.cn/digital_camera_index/subcate15_list_1.html,尼康D800(单机) 全画幅单反，镁合金机身，高密度AF,全画幅单反，镁合金机身，高密度AF
数码相机,http://detail.zol.com.cn/digital_camera_index/subcate15_list_1.html,佳能700D(单机) APS-C画幅，触控液晶屏，高速连拍,APS-C画幅，触控液晶屏，高速连拍
数码相机,http://detail.zol.com.cn/digital_camera_index/subcate15_list_1.html,尼康D7000(单机) 镁铝合金机身，专业便捷操控性，全高清拍摄,镁铝合金机身，专业便捷操控性，全高清拍摄
数码相机,http://detail.zol.com.cn/digital_camera_index/subcate15_list_1.html,佳能600D(单机) 全高清短片拍摄，旋转屏设计，小巧机身,全高清短片拍摄，旋转屏设计，小巧机身
数码相机,http://detail.zol.com.cn/digital_camera_index/subcate15_list_1.html,尼康D500(单机) APS-C画幅，153对焦点，移动物体快速跟踪,APS-C画幅，153对焦点，移动物体快速跟踪
数码相机,http://detail.zol.com.cn/digital_camera_index/subcate15_list_1.html,富士X-T20(单机) 轻旗舰无反数码相机，高清4K视频拍摄，触摸显示屏,轻旗舰无反数码相机，高清4K视频拍摄，触摸显示屏
数码相机,http://detail.zol.com.cn/digital_camera_index/subcate15_list_1.html,索尼ILCE-7(单机) 全画幅，增强型混合自动对焦，WIFI功能,全画幅，增强型混合自动对焦，WIFI功能
数码相机,http://detail.zol.com.cn/digital_camera_index/subcate15_list_1.html,佳能800D(单机) 45点对焦系统，全像素双核对焦，电子五轴防抖,45点对焦系统，全像素双核对焦，电子五轴防抖
数码相机,http://detail.zol.com.cn/digital_camera_index/subcate15_list_1.html,卡西欧TR750 背照式CMOS传感器，全高清视频拍摄，3.5英寸触摸屏,背照式CMOS传感器，全高清视频拍摄，3.5英寸触摸屏
数码相机,http://detail.zol.com.cn/digital_camera_index/subcate15_list_1.html,佳能EOS-1D X Mark II(单机) 全画幅，80点对焦，支持实时取景,全画幅，80点对焦，支持实时取景
数码相机,http://detail.zol.com.cn/digital_camera_index/subcate15_list_1.html,佳能EOS M50套机(EF-M 15-45mm IS STM) 防抖性能:5轴电子防抖 上市日期:2018年03月 产品类型:微单 传感器类型:CMOS 传感器尺寸:APS-C画幅（22.3*14.9mm） 有效像素:2410万 光学变焦:0倍,防抖性能:5轴电子防抖 上市日期:2018年03月 产品类型:微单 传感器类型:CMOS 传感器尺寸:APS-C画幅（22.3*14.9mm） 有效像素:2410万 光学变焦:0倍
数码相机,http://detail.zol.com.cn/digital_camera_index/subcate15_list_1.html,佳能EOS 77D(单机) APS-C画幅入门单反，全高清拍摄，全像素双核对焦,APS-C画幅入门单反，全高清拍摄，全像素双核对焦
数码相机,http://detail.zol.com.cn/digital_camera_index/subcate15_list_1.html,佳能EOS M6套机(15-45mm IS STM) APS-C画幅微单，全高清视频拍摄，全像素双核对焦系统,APS-C画幅微单，全高清视频拍摄，全像素双核对焦系统
数码相机,http://detail.zol.com.cn/digital_camera_index/subcate15_list_1.html,索尼RX100 V 高性能卡片机，超慢动作视频，机内降噪,高性能卡片机，超慢动作视频，机内降噪
数码相机,http://detail.zol.com.cn/digital_camera_index/subcate15_list_1.html,佳能750D(单机) 触摸翻转屏，内置WiFi与NFC,触摸翻转屏，内置WiFi与NFC
数码相机,http://detail.zol.com.cn/digital_camera_index/subcate15_list_1.html,尼康1 J5(单机) 背照式CMOS，4K超高清视频，支持WIFI和NFC功能,背照式CMOS，4K超高清视频，支持WIFI和NFC功能
单反,http://detail.zol.com.cn/digital_camera_index/subcate15_list_s1875_1.html,佳能5D Mark IV(单机) 双对焦系统，7张/秒来连拍，4K视频,双对焦系统，7张/秒来连拍，4K视频
单反,http://detail.zol.com.cn/digital_camera_index/subcate15_list_s1875_1.html,尼康D850(单机) 全画幅高端单反，4K超高清视频，8K延时摄影,全画幅高端单反，4K超高清视频，8K延时摄影
单反,http://detail.zol.com.cn/digital_camera_index/subcate15_list_s1875_1.html,宾得K-1(单机) 全画幅，翻转屏，五轴机身防抖,全画幅，翻转屏，五轴机身防抖
单反,http://detail.zol.com.cn/digital_camera_index/subcate15_list_s1875_1.html,徕卡S(Typ 007) 中画幅，全手动操作，4K超高清视频,中画幅，全手动操作，4K超高清视频
单反,http://detail.zol.com.cn/digital_camera_index/subcate15_list_s1875_1.html,佳能6D Mark II(单机) 全画幅高端单反，外接闪光灯，NFC功能,全画幅高端单反，外接闪光灯，NFC功能
单反,http://detail.zol.com.cn/digital_camera_index/subcate15_list_s1875_1.html,尼康D810(单机) 精准对焦，高速连拍，全清动画录制,精准对焦，高速连拍，全清动画录制
单反,http://detail.zol.com.cn/digital_camera_index/subcate15_list_s1875_1.html,佳能80D(单机) 云存储，45点十字对焦，内置WiFi与NFC,云存储，45点十字对焦，内置WiFi与NFC
单反,http://detail.zol.com.cn/digital_camera_index/subcate15_list_s1875_1.html,尼康D750(单机) 轻巧机身，亮度重点测光，可翻转LCD屏,轻巧机身，亮度重点测光，可翻转LCD屏
单反,http://detail.zol.com.cn/digital_camera_index/subcate15_list_s1875_1.html,佳能6D(单机) 全画幅，高感出众，内置Wi-Fi,全画幅，高感出众，内置Wi-Fi
单反,http://detail.zol.com.cn/digital_camera_index/subcate15_list_s1875_1.html,尼康D7200(单机) 光学取景，APS-C画幅，EXPEED 4图形处理器,光学取景，APS-C画幅，EXPEED 4图形处理器
单反,http://detail.zol.com.cn/digital_camera_index/subcate15_list_s1875_1.html,佳能70D(单机) 触控翻转屏，全像素双核，内置WiFi,触控翻转屏，全像素双核，内置WiFi
单反,http://detail.zol.com.cn/digital_camera_index/subcate15_list_s1875_1.html,佳能5D Mark III(单机) 全画幅，61点对焦，防尘防水滴,全画幅，61点对焦，防尘防水滴
单反,http://detail.zol.com.cn/digital_camera_index/subcate15_list_s1875_1.html,佳能EOS 200D套机(18-55mm IS STM) APS-C画幅相机套机，18-55mm实际焦距，全高清拍摄,APS-C画幅相机套机，18-55mm实际焦距，全高清拍摄
单反,http://detail.zol.com.cn/digital_camera_index/subcate15_list_s1875_1.html,佳能60D(单机) RAW图像处理，可旋转屏，创意滤镜,RAW图像处理，可旋转屏，创意滤镜
单反,http://detail.zol.com.cn/digital_camera_index/subcate15_list_s1875_1.html,尼康D610(单机) 小巧机身，Qc快门释放模式，全高清动画,小巧机身，Qc快门释放模式，全高清动画
单反,http://detail.zol.com.cn/digital_camera_index/subcate15_list_s1875_1.html,尼康D5300(单机) 可翻转LCD屏，无线遥控拍摄，光学取景器,可翻转LCD屏，无线遥控拍摄，光学取景器
单反,http://detail.zol.com.cn/digital_camera_index/subcate15_list_s1875_1.html,尼康D5(单机) 高感光度，4K视频拍摄，三种自动白平衡模式,高感光度，4K视频拍摄，三种自动白平衡模式
单反,http://detail.zol.com.cn/digital_camera_index/subcate15_list_s1875_1.html,佳能5Ds(单机) 5060万有效像素，宽容度高,5060万有效像素，宽容度高
单反,http://detail.zol.com.cn/digital_camera_index/subcate15_list_s1875_1.html,尼康D7100(单机) 高密度自动对焦，光学低通滤镜，全高清摄像,高密度自动对焦，光学低通滤镜，全高清摄像
单反,http://detail.zol.com.cn/digital_camera_index/subcate15_list_s1875_1.html,佳能80D套机(EF-S 18-135mm IS USM) 中端单反，高像素密度，传感器性能均衡,中端单反，高像素密度，传感器性能均衡
单反,http://detail.zol.com.cn/digital_camera_index/subcate15_list_s1875_1.html,尼康D800(单机) 全画幅单反，镁合金机身，高密度AF,全画幅单反，镁合金机身，高密度AF
单反,http://detail.zol.com.cn/digital_camera_index/subcate15_list_s1875_1.html,佳能700D(单机) APS-C画幅，触控液晶屏，高速连拍,APS-C画幅，触控液晶屏，高速连拍
单反,http://detail.zol.com.cn/digital_camera_index/subcate15_list_s1875_1.html,尼康D7000(单机) 镁铝合金机身，专业便捷操控性，全高清拍摄,镁铝合金机身，专业便捷操控性，全高清拍摄
单反,http://detail.zol.com.cn/digital_camera_index/subcate15_list_s1875_1.html,佳能600D(单机) 全高清短片拍摄，旋转屏设计，小巧机身,全高清短片拍摄，旋转屏设计，小巧机身
单反,http://detail.zol.com.cn/digital_camera_index/subcate15_list_s1875_1.html,尼康D500(单机) APS-C画幅，153对焦点，移动物体快速跟踪,APS-C画幅，153对焦点，移动物体快速跟踪
单反,http://detail.zol.com.cn/digital_camera_index/subcate15_list_s1875_1.html,佳能800D(单机) 45点对焦系统，全像素双核对焦，电子五轴防抖,45点对焦系统，全像素双核对焦，电子五轴防抖
单反,http://detail.zol.com.cn/digital_camera_index/subcate15_list_s1875_1.html,佳能EOS-1D X Mark II(单机) 全画幅，80点对焦，支持实时取景,全画幅，80点对焦，支持实时取景
单反,http://detail.zol.com.cn/digital_camera_index/subcate15_list_s1875_1.html,佳能EOS 77D(单机) APS-C画幅入门单反，全高清拍摄，全像素双核对焦,APS-C画幅入门单反，全高清拍摄，全像素双核对焦
单反,http://detail.zol.com.cn/digital_camera_index/subcate15_list_s1875_1.html,佳能750D(单机) 触摸翻转屏，内置WiFi与NFC,触摸翻转屏，内置WiFi与NFC
单反,http://detail.zol.com.cn/digital_camera_index/subcate15_list_s1875_1.html,佳能7D Mark II(单机) APS-C画幅，高速连拍，防水滴防尘,APS-C画幅，高速连拍，防水滴防尘
单反,http://detail.zol.com.cn/digital_camera_index/subcate15_list_s1875_1.html,佳能EOS-1D X(单机) 全画幅，防水滴防尘，全高清画质,全画幅，防水滴防尘，全高清画质
单反,http://detail.zol.com.cn/digital_camera_index/subcate15_list_s1875_1.html,尼康D3400(单机) 机身小巧，入门级单反，SnapBridge功能,机身小巧，入门级单反，SnapBridge功能
单反,http://detail.zol.com.cn/digital_camera_index/subcate15_list_s1875_1.html,佳能800D套机(18-55mm IS STM) APS-C画幅，全新DIGIC 7处理器，45点对焦系统,APS-C画幅，全新DIGIC 7处理器，45点对焦系统
单反,http://detail.zol.com.cn/digital_camera_index/subcate15_list_s1875_1.html,尼康D5600(单机) 入门单反，APS-C画幅，全清视频，触摸屏,入门单反，APS-C画幅，全清视频，触摸屏
单反,http://detail.zol.com.cn/digital_camera_index/subcate15_list_s1875_1.html,佳能5Ds R(单机) 5060万有效像素，无低通滤镜,5060万有效像素，无低通滤镜
单反,http://detail.zol.com.cn/digital_camera_index/subcate15_list_s1875_1.html,尼康D7500套机(18-140mm ED VR) EXPEED 5影像处理器，无光学低通滤镜，8幅/秒的连拍速度,EXPEED 5影像处理器，无光学低通滤镜，8幅/秒的连拍速度
单反,http://detail.zol.com.cn/digital_camera_index/subcate15_list_s1875_1.html,尼康D3200(单机) 3寸液晶屏，2416万像素，Expeed处理器，静音拍摄,3寸液晶屏，2416万像素，Expeed处理器，静音拍摄
单反,http://detail.zol.com.cn/digital_camera_index/subcate15_list_s1875_1.html,佳能80D套机(EF-S 18-200mm IS) 中端新力作，单反套机，大变焦镜头,中端新力作，单反套机，大变焦镜头
单反,http://detail.zol.com.cn/digital_camera_index/subcate15_list_s1875_1.html,尼康D3400套机(18-55mm VR) 上市日期:2016年8月 产品类型:入门单反 传感器类型:CMOS 传感器尺寸:APS画幅（23.5*15.6mm） 有效像素:2416万 光学变焦:0倍 电池类型:锂电池EN-EL14a,上市日期:2016年8月 产品类型:入门单反 传感器类型:CMOS 传感器尺寸:APS画幅（23.5*15.6mm） 有效像素:2416万 光学变焦:0倍 电池类型:锂电池EN-EL14a
单反,http://detail.zol.com.cn/digital_camera_index/subcate15_list_s1875_1.html,佳能760D(单机) 搭载肩屏及速控拨盘，内置WiFi与NFC,搭载肩屏及速控拨盘，内置WiFi与NFC
单反,http://detail.zol.com.cn/digital_camera_index/subcate15_list_s1875_1.html,佳能1500D套机(EF-S 18-55mm IS II) 产品类型:单反 传感器类型:CMOS 传感器尺寸:22.3×14.9mm 有效像素:2410万 光学变焦:0倍 电池类型:电池LP-E10（1块） 存储卡类型:SD/SDHC/SDXC卡,产品类型:单反 传感器类型:CMOS 传感器尺寸:22.3×14.9mm 有效像素:2410万 光学变焦:0倍 电池类型:电池LP-E10（1块） 存储卡类型:SD/SDHC/SDXC卡
单反,http://detail.zol.com.cn/digital_camera_index/subcate15_list_s1875_1.html,佳能6D Mark II套机(24-70mm IS USM) 防抖性能:电子防抖 上市日期:2017年06月 产品类型:高端单反 传感器类型:CMOS 传感器尺寸:全画幅（35.9*24mm） 有效像素:2620万 光学变焦:0倍,防抖性能:电子防抖 上市日期:2017年06月 产品类型:高端单反 传感器类型:CMOS 传感器尺寸:全画幅（35.9*24mm） 有效像素:2620万 光学变焦:0倍
单反,http://detail.zol.com.cn/digital_camera_index/subcate15_list_s1875_1.html,佳能5D Mark IV套机(24-105mm) 4K视频，3040万像素，7种对焦模式,4K视频，3040万像素，7种对焦模式
单反,http://detail.zol.com.cn/digital_camera_index/subcate15_list_s1875_1.html,宾得645Z(单机) 5140万有效像素，中画幅CMOS，全高清视频拍摄，支持对焦辅助灯，103.7万像素液晶屏,5140万有效像素，中画幅CMOS，全高清视频拍摄，支持对焦辅助灯，103.7万像素液晶屏
单反,http://detail.zol.com.cn/digital_camera_index/subcate15_list_s1875_1.html,佳能1300D(单机) 升级版本入门单反，9点对焦系统，WiFi和NFC功能,升级版本入门单反，9点对焦系统，WiFi和NFC功能
单反,http://detail.zol.com.cn/digital_camera_index/subcate15_list_s1875_1.html,佳能800D套机(18-135mm IS STM) 全新DIGIC 7处理器，18-135mm实际焦距，全像素双核CMOS AF技术,全新DIGIC 7处理器，18-135mm实际焦距，全像素双核CMOS AF技术
单反,http://detail.zol.com.cn/digital_camera_index/subcate15_list_s1875_1.html,尼康D800E(单机) 双卡设计，综合除尘系统，镁合金机身,双卡设计，综合除尘系统，镁合金机身
单反,http://detail.zol.com.cn/digital_camera_index/subcate15_list_s1875_1.html,尼康D750套机(24-120mm) 全画幅高端单反，可翻折LCD屏，WiFi无线性能,全画幅高端单反，可翻折LCD屏，WiFi无线性能
单反,http://detail.zol.com.cn/digital_camera_index/subcate15_list_s1875_1.html,尼康D4s(单机) 全画幅单反，高速连拍，3D跟踪,全画幅单反，高速连拍，3D跟踪
数码摄像机,http://detail.zol.com.cn/digital_camcorder/,索尼PXW-FS7 肩扛式摄录一体机，4K电影拍摄及超慢动作，支持多摄像机拍摄,肩扛式摄录一体机，4K电影拍摄及超慢动作，支持多摄像机拍摄
数码摄像机,http://detail.zol.com.cn/digital_camcorder/,佳能XC15 便携式4K专业机，1英寸CMOS传感器,便携式4K专业机，1英寸CMOS传感器
数码摄像机,http://detail.zol.com.cn/digital_camcorder/,三星HMX-F90 52倍光学变焦，2.7寸旋转液晶屏，间隔定拍,52倍光学变焦，2.7寸旋转液晶屏，间隔定拍
数码摄像机,http://detail.zol.com.cn/digital_camcorder/,JVC JY-HM95 肩扛式高清闪存摄录一体机，AVCHD断点续录功能，双SD卡槽,肩扛式高清闪存摄录一体机，AVCHD断点续录功能，双SD卡槽
数码摄像机,http://detail.zol.com.cn/digital_camcorder/,AEE 特种兵系列S51 产品类型:运动摄像机 液晶屏尺寸:2英寸 最大像素:1600万 存储介质:Micro SD卡 录制格式:视频：MOV 音频：WAV 产品重量:85g（不带屏），105g（带屏） 供电时间:充电时间：4小时,产品类型:运动摄像机 液晶屏尺寸:2英寸 最大像素:1600万 存储介质:Micro SD卡 录制格式:视频：MOV 音频：WAV 产品重量:85g（不带屏），105g（带屏） 供电时间:充电时间：4小时
数码摄像机,http://detail.zol.com.cn/digital_camcorder/,GoPro Hero 6 Black 产品类型:运动摄像机 液晶屏尺寸:0英寸 有效像素:800万以上 防抖性能:六轴电子防抖 存储介质:SD卡 产品重量:450g 产品定位:家用摄像机,产品类型:运动摄像机 液晶屏尺寸:0英寸 有效像素:800万以上 防抖性能:六轴电子防抖 存储介质:SD卡 产品重量:450g 产品定位:家用摄像机
数码摄像机,http://detail.zol.com.cn/digital_camcorder/,索尼HXR-NX100 摄照一体机，1英寸传感器，12倍光学变焦,摄照一体机，1英寸传感器，12倍光学变焦
数码摄像机,http://detail.zol.com.cn/digital_camcorder/,索尼FDR-AX60 产品类型:4K摄像机 传感器类型:Exmor RS CMOS 光学变焦:20倍 液晶屏尺寸:0英寸 传感器尺寸:（1/2.5）英寸 有效像素:829万 防抖性能:5轴防抖,产品类型:4K摄像机 传感器类型:Exmor RS CMOS 光学变焦:20倍 液晶屏尺寸:0英寸 传感器尺寸:（1/2.5）英寸 有效像素:829万 防抖性能:5轴防抖
数码摄像机,http://detail.zol.com.cn/digital_camcorder/,索尼FDR-AX100E 4K机型，1英寸传感器，支持WiFi/NFC,4K机型，1英寸传感器，支持WiFi/NFC
数码摄像机,http://detail.zol.com.cn/digital_camcorder/,索尼PXW-Z150 手持式4K摄像机，全指向立体声驻极体麦克风,手持式4K摄像机，全指向立体声驻极体麦克风
数码摄像机,http://detail.zol.com.cn/digital_camcorder/,索尼FDR-AX700 产品类型:4K摄像机 传感器类型:Exmor RS CMOS 液晶屏尺寸:0英寸 传感器尺寸:1英寸 存储介质:双SD卡 镜头特点:卡尔·蔡司（Vario Tessar）镜头 对焦方式:自动对焦,产品类型:4K摄像机 传感器类型:Exmor RS CMOS 液晶屏尺寸:0英寸 传感器尺寸:1英寸 存储介质:双SD卡 镜头特点:卡尔·蔡司（Vario Tessar）镜头 对焦方式:自动对焦
数码摄像机,http://detail.zol.com.cn/digital_camcorder/,松下AU-EVA1 产品类型:电影摄像机 液晶屏尺寸:0英寸 存储介质:SD卡 产品定位:专业摄像机 传感器描述:Super 35尺寸传感器 镜头特点:佳能EF镜头卡口 动态影像:4K/60p视频,产品类型:电影摄像机 液晶屏尺寸:0英寸 存储介质:SD卡 产品定位:专业摄像机 传感器描述:Super 35尺寸传感器 镜头特点:佳能EF镜头卡口 动态影像:4K/60p视频
数码摄像机,http://detail.zol.com.cn/digital_camcorder/,索尼HXR-MC2500 肩扛式摄录一体机，OLED寻像器，支持WiFi/NFC,肩扛式摄录一体机，OLED寻像器，支持WiFi/NFC
数码摄像机,http://detail.zol.com.cn/digital_camcorder/,索尼HDR-CX680 1/5.8英寸Exmor R CMOS，30倍光学变焦，触摸屏,1/5.8英寸Exmor R CMOS，30倍光学变焦，触摸屏
数码摄像机,http://detail.zol.com.cn/digital_camcorder/,松下AG-DVX200 4/3英寸传感器，13倍光学变焦，5轴混合图像防抖功能,4/3英寸传感器，13倍光学变焦，5轴混合图像防抖功能
数码摄像机,http://detail.zol.com.cn/digital_camcorder/,索尼PXW-X280 摄录一体机，17倍变焦，无线功能,摄录一体机，17倍变焦，无线功能
数码摄像机,http://detail.zol.com.cn/digital_camcorder/,索尼PMW-EX280 手持式存储卡摄录一体机，多片段连续记录，智能终端操控,手持式存储卡摄录一体机，多片段连续记录，智能终端操控
数码摄像机,http://detail.zol.com.cn/digital_camcorder/,索尼PXW-FS5 4K高清闪存摄像机，Super35型单片传感器，支持WIFI和NFC功能,4K高清闪存摄像机，Super35型单片传感器，支持WIFI和NFC功能
数码摄像机,http://detail.zol.com.cn/digital_camcorder/,松下AG-UX90MC 4K摄录一体机，1英寸MOS感光元件，15倍光学变焦,4K摄录一体机，1英寸MOS感光元件，15倍光学变焦
数码摄像机,http://detail.zol.com.cn/digital_camcorder/,索尼HDR-PJ675 高清摄像机，30倍光学变焦，翻转屏,高清摄像机，30倍光学变焦，翻转屏
数码摄像机,http://detail.zol.com.cn/digital_camcorder/,索尼HXR-NX3 专业手持摄录一体机，20倍光变，内置LED摄影灯,专业手持摄录一体机，20倍光变，内置LED摄影灯
数码摄像机,http://detail.zol.com.cn/digital_camcorder/,索尼PXW-FS5K（E18-105mm） 4K高清闪存摄像机，Super35型单片Exmor CMOS，3.5英寸液晶屏,4K高清闪存摄像机，Super35型单片Exmor CMOS，3.5英寸液晶屏
数码摄像机,http://detail.zol.com.cn/digital_camcorder/,GoPro Hero 5 Black 4K视频，语音控制，触屏功能，防水设计,4K视频，语音控制，触屏功能，防水设计
数码摄像机,http://detail.zol.com.cn/digital_camcorder/,索尼FDR-AXP55 4K摄像机，20倍光学变焦，电子取景器，光学防抖,4K摄像机，20倍光学变焦，电子取景器，光学防抖
数码摄像机,http://detail.zol.com.cn/digital_camcorder/,松下AG-UX180MC 1英寸MOS传感器，20倍光学变焦，高精度智能自动聚焦,1英寸MOS传感器，20倍光学变焦，高精度智能自动聚焦
数码摄像机,http://detail.zol.com.cn/digital_camcorder/,索尼FDR-AX40 4K摄像机，背照式Exmor R CMOS，光学防抖,4K摄像机，背照式Exmor R CMOS，光学防抖
数码摄像机,http://detail.zol.com.cn/digital_camcorder/,索尼FDR-AX1E 手持型4K摄像机，内置3个ND过滤器，高性能麦克风,手持型4K摄像机，内置3个ND过滤器，高性能麦克风
数码摄像机,http://detail.zol.com.cn/digital_camcorder/,松下AJ-PX298MC 3MOS传感器，22倍光学变焦，光学防抖,3MOS传感器，22倍光学变焦，光学防抖
数码摄像机,http://detail.zol.com.cn/digital_camcorder/,索尼HDR-CX405 光学防抖，30倍光学变焦，支持双摄录制,光学防抖，30倍光学变焦，支持双摄录制
数码摄像机,http://detail.zol.com.cn/digital_camcorder/,索尼PXW-FS7H 高清专业摄像机，SELP18110G镜头，3.5英寸高清屏,高清专业摄像机，SELP18110G镜头，3.5英寸高清屏
数码摄像机,http://detail.zol.com.cn/digital_camcorder/,松下HC-MDH2 肩扛式摄像机，21倍光学变焦，触摸屏,肩扛式摄像机，21倍光学变焦，触摸屏
数码摄像机,http://detail.zol.com.cn/digital_camcorder/,索尼FDR-AX45 产品类型:4K摄像机 传感器类型:Exmor R CMOS 光学变焦:20倍 液晶屏尺寸:0英寸 防抖性能:5轴防抖 镜头特点:26.8mm广角蔡司镜头 无线性能:WiFi,产品类型:4K摄像机 传感器类型:Exmor R CMOS 光学变焦:20倍 液晶屏尺寸:0英寸 防抖性能:5轴防抖 镜头特点:26.8mm广角蔡司镜头 无线性能:WiFi
数码摄像机,http://detail.zol.com.cn/digital_camcorder/,索尼FDR-AX30 4K摄像机，10倍光学变焦，翻转屏,4K摄像机，10倍光学变焦，翻转屏
数码摄像机,http://detail.zol.com.cn/digital_camcorder/,索尼PXW-FS7IIK 高清专业摄像机，超级35型单芯片传感器，3.5英寸高清屏,高清专业摄像机，超级35型单芯片传感器，3.5英寸高清屏
数码摄像机,http://detail.zol.com.cn/digital_camcorder/,索尼NEX-VG30EH 四胶囊空间阵列立体声麦克风，专业手动操控,四胶囊空间阵列立体声麦克风，专业手动操控
数码摄像机,http://detail.zol.com.cn/digital_camcorder/,GoPro Hero4 Black 运动摄像机，超级视角模式，蓝牙连接,运动摄像机，超级视角模式，蓝牙连接
数码摄像机,http://detail.zol.com.cn/digital_camcorder/,索尼HXR-NX5R 专业级便携高清摄录，29.5mm广角,专业级便携高清摄录，29.5mm广角
数码摄像机,http://detail.zol.com.cn/digital_camcorder/,索尼HDR-PJ410 精巧便携，30倍光学变焦，内置投影随时分享,精巧便携，30倍光学变焦，内置投影随时分享
数码摄像机,http://detail.zol.com.cn/digital_camcorder/,佳能EOS C300 Mark II 4K摄像机，Super35英寸传感器，防尘防水滴,4K摄像机，Super35英寸传感器，防尘防水滴
数码摄像机,http://detail.zol.com.cn/digital_camcorder/,索尼HDR-CX610E 平稳光学防抖，30倍光学变焦，3英寸触摸屏,平稳光学防抖，30倍光学变焦，3英寸触摸屏
数码摄像机,http://detail.zol.com.cn/digital_camcorder/,索尼HDR-CX450 高清摄像机，BIONZ X影像处理器，30倍光学变焦,高清摄像机，BIONZ X影像处理器，30倍光学变焦
数码摄像机,http://detail.zol.com.cn/digital_camcorder/,松下AG-FC100MC 4K无线摄像机，MOS传感器，20倍光学变焦,4K无线摄像机，MOS传感器，20倍光学变焦
数码摄像机,http://detail.zol.com.cn/digital_camcorder/,索尼PXW-X160 三个1/2.8英寸传感器，25倍光学变焦，独立手动变焦环,三个1/2.8英寸传感器，25倍光学变焦，独立手动变焦环
数码摄像机,http://detail.zol.com.cn/digital_camcorder/,索尼FDR-AXP35 4K摄像机，翻转液晶屏，光学防抖，支持WIFI,4K摄像机，翻转液晶屏，光学防抖，支持WIFI
数码摄像机,http://detail.zol.com.cn/digital_camcorder/,索尼NEX-EA50CH 大画幅摄录一体机，机械快门，可手持/肩扛,大画幅摄录一体机，机械快门，可手持/肩扛
数码摄像机,http://detail.zol.com.cn/digital_camcorder/,佳能EOS C300 C-Loc高宽容度电影模式，高感光度，EF卡口,C-Loc高宽容度电影模式，高感光度，EF卡口
数码摄像机,http://detail.zol.com.cn/digital_camcorder/,松下HC-PV100 全高清视频，20倍光学变焦，F1.8超大光圈,全高清视频，20倍光学变焦，F1.8超大光圈
数码摄像机,http://detail.zol.com.cn/digital_camcorder/,索尼CX900E 1英寸传感器，100fps录制模式，支持WiFi/NFC,1英寸传感器，100fps录制模式，支持WiFi/NFC
数码摄像机,http://detail.zol.com.cn/digital_camcorder/,索尼NEX-FS700 4K全画幅摄录一体机，4档ND滤镜，组合式机身,4K全画幅摄录一体机，4档ND滤镜，组合式机身
数码摄像机,http://detail.zol.com.cn/digital_camcorder/,JVC JY-HM360 背照式CMOS传感器，接口十分丰富,背照式CMOS传感器，接口十分丰富
MP3,http://detail.zol.com.cn/mp3_player/,昂达N15 录音电子书，运动跑步音乐播放器,录音电子书，运动跑步音乐播放器
MP3,http://detail.zol.com.cn/mp3_player/,艾利和AK380 WIFI蓝牙4.0，HIFI播放器,WIFI蓝牙4.0，HIFI播放器
MP3,http://detail.zol.com.cn/mp3_player/,飞傲X5 便携无损音乐播放器，HIFI播放器,便携无损音乐播放器，HIFI播放器
MP3,http://detail.zol.com.cn/mp3_player/,苹果iPod shuffle 4（2GB） 迷你播放器，运动跑步播放器,迷你播放器，运动跑步播放器
MP3,http://detail.zol.com.cn/mp3_player/,colorfly Pocket HiFi C3（4GB） 数字音效,数字音效
MP3,http://detail.zol.com.cn/mp3_player/,HiFiMAN HM-700S（8GB） HIFI无损音乐播放器，便携播放器,HIFI无损音乐播放器，便携播放器
MP3,http://detail.zol.com.cn/mp3_player/,苹果iPod nano 7（16GB） 蓝牙音乐播放器，随身听,蓝牙音乐播放器，随身听
MP3,http://detail.zol.com.cn/mp3_player/,索尼NWZ-ZX1 智能WiFi安卓系统，无损音乐播放器,智能WiFi安卓系统，无损音乐播放器
MP3,http://detail.zol.com.cn/mp3_player/,索尼NWZ-B183F（4GB） 迷你播放器，运动跑步随身听,迷你播放器，运动跑步随身听
MP3,http://detail.zol.com.cn/mp3_player/,索尼NW-ZX2（128GB） WiFi蓝牙，无损音乐播放器,WiFi蓝牙，无损音乐播放器
MP3,http://detail.zol.com.cn/mp3_player/,索尼NW-ZX300A 产品类型:纯音频MP3 存储容量:16GB/64GB 扩展卡:支持microSD卡 音频格式:MQA，APE文件格式 电池类型:锂电池 续航时间:可支持播放约26小时的Flac格式音频(96kHz/24bit)或约30小时的MP3音频(128 kbps) 传输接口:USB,产品类型:纯音频MP3 存储容量:16GB/64GB 扩展卡:支持microSD卡 音频格式:MQA，APE文件格式 电池类型:锂电池 续航时间:可支持播放约26小时的Flac格式音频(96kHz/24bit)或约30小时的MP3音频(128 kbps) 传输接口:USB
MP3,http://detail.zol.com.cn/mp3_player/,索尼NW-A25（16GB） 蓝牙3.0，无损音乐播放器,蓝牙3.0，无损音乐播放器
MP3,http://detail.zol.com.cn/mp3_player/,飞利浦SA2208（8GB） 快充录音FM麦克风,快充录音FM麦克风
MP3,http://detail.zol.com.cn/mp3_player/,索尼NW-A45 产品类型:纯音频MP3 FM功能:支持 扩展卡:支持MicroSD（TF）卡，最大128GB 屏幕尺寸:3.1英寸 音频格式:支持MP3，WMA，FLAC，Linear PCM，AAC，HE-AAC，Apple Lossless，AIFF，DSD格式 电池类型:锂电池,产品类型:纯音频MP3 FM功能:支持 扩展卡:支持MicroSD（TF）卡，最大128GB 屏幕尺寸:3.1英寸 音频格式:支持MP3，WMA，FLAC，Linear PCM，AAC，HE-AAC，Apple Lossless，AIFF，DSD格式 电池类型:锂电池
MP3,http://detail.zol.com.cn/mp3_player/,索尼NWZ-WS615 智能遥控，蓝牙4.0,智能遥控，蓝牙4.0
MP3,http://detail.zol.com.cn/mp3_player/,苹果iPod shuffle 5 25种语言,25种语言
MP3,http://detail.zol.com.cn/mp3_player/,索尼NWZ-M504 数字降噪录音FM,数字降噪录音FM
MP3,http://detail.zol.com.cn/mp3_player/,艾利和AK100（32GB） 无损音乐播放器,无损音乐播放器
MP3,http://detail.zol.com.cn/mp3_player/,索尼NWZ-A15 醇音技术，蓝牙2.1，支持多种视频格式,醇音技术，蓝牙2.1，支持多种视频格式
MP3,http://detail.zol.com.cn/mp3_player/,索尼NW-ZX100/SM（128GB） 降噪蓝牙3.0，HIFI播放器,降噪蓝牙3.0，HIFI播放器
MP3,http://detail.zol.com.cn/mp3_player/,欧恩Q9（4GB） 录音FM，迷你运动播放器,录音FM，迷你运动播放器
MP3,http://detail.zol.com.cn/mp3_player/,索尼NWZ-A17 HIFI播放器，高清音质，无损发烧播放器,HIFI播放器，高清音质，无损发烧播放器
MP3,http://detail.zol.com.cn/mp3_player/,艾利和AK120 蓝牙3.0，便携无损音乐播放器,蓝牙3.0，便携无损音乐播放器
MP3,http://detail.zol.com.cn/mp3_player/,艾利和AK240 WiFi蓝牙OTG,WiFi蓝牙OTG
MP3,http://detail.zol.com.cn/mp3_player/,索尼NW-WS413 可穿戴式，运动防水耳机播放器,可穿戴式，运动防水耳机播放器
MP3,http://detail.zol.com.cn/mp3_player/,索尼NW-A35（16GB） 产品类型:纯音频MP3 存储容量:16GB FM功能:支持 扩展卡:支持MicroSD（TF），microSDHC，microSDXC卡 屏幕尺寸:3.1英寸 音频格式:支持MP3，WMA，FLAC，Linear PCM，AAC，HE-AAC，Apple Lossless，AIFF，DSD格式 电池类型:锂电池,产品类型:纯音频MP3 存储容量:16GB FM功能:支持 扩展卡:支持MicroSD（TF），microSDHC，microSDXC卡 屏幕尺寸:3.1英寸 音频格式:支持MP3，WMA，FLAC，Linear PCM，AAC，HE-AAC，Apple Lossless，AIFF，DSD格式 电池类型:锂电池
MP3,http://detail.zol.com.cn/mp3_player/,爱国者MP3-105 产品类型:普通视频MP3 存储容量:8GB 扩展卡:支持MicroSD（TF）卡，最大64GB 屏幕尺寸:2.0英寸 音频格式:MP3/WMA/WAV/FLAC/APE/ACC/OGG 电池类型:锂电池 续航时间:理论视频回放时间：25小时,产品类型:普通视频MP3 存储容量:8GB 扩展卡:支持MicroSD（TF）卡，最大64GB 屏幕尺寸:2.0英寸 音频格式:MP3/WMA/WAV/FLAC/APE/ACC/OGG 电池类型:锂电池 续航时间:理论视频回放时间：25小时
MP3,http://detail.zol.com.cn/mp3_player/,索尼Walkman NW-E394 米奇头按键，锂离子电池,米奇头按键，锂离子电池
MP3,http://detail.zol.com.cn/mp3_player/,colorfly Pocket HiFi C4（16GB） HIFI无损音乐播放器,HIFI无损音乐播放器
MP3,http://detail.zol.com.cn/mp3_player/,飞傲M3 便携高清，无损音乐播放器，HIFI播放器,便携高清，无损音乐播放器，HIFI播放器
MP3,http://detail.zol.com.cn/mp3_player/,索尼NWZ-F806N（32GB） 高清降噪，安卓系统，WiFi蓝牙,高清降噪，安卓系统，WiFi蓝牙
MP3,http://detail.zol.com.cn/mp3_player/,HiFiMAN HM-603（16GB） 便携高保真播放器,便携高保真播放器
MP3,http://detail.zol.com.cn/mp3_player/,艾利和AK Jr 蓝牙4.0，HIFI播放器，便携无损音乐播放器,蓝牙4.0，HIFI播放器，便携无损音乐播放器
MP3,http://detail.zol.com.cn/mp3_player/,索尼NWZ-F885 安卓系统，数字功放,安卓系统，数字功放
MP3,http://detail.zol.com.cn/mp3_player/,欧恩Q7（4GB） FM收音录音，无损音乐播放器,FM收音录音，无损音乐播放器
MP3,http://detail.zol.com.cn/mp3_player/,飞傲X1Ⅱ 车载蓝牙4.0，便携高清，HIFI无损音乐播放器,车载蓝牙4.0，便携高清，HIFI无损音乐播放器
MP3,http://detail.zol.com.cn/mp3_player/,索尼NWZ-W273（4GB） 快充，防滴溅运动式播放器,快充，防滴溅运动式播放器
MP3,http://detail.zol.com.cn/mp3_player/,山灵M1 智能蓝牙，便携式无损音乐，HIFI播放器,智能蓝牙，便携式无损音乐，HIFI播放器
MP3,http://detail.zol.com.cn/mp3_player/,索尼NW-WM1A/BM（128GB） 铝制机身，USB2.0接口，4英寸屏幕,铝制机身，USB2.0接口，4英寸屏幕
MP3,http://detail.zol.com.cn/mp3_player/,飞傲X3 HIFI播放器，无损音乐播放器,HIFI播放器，无损音乐播放器
MP3,http://detail.zol.com.cn/mp3_player/,飞傲X5Ⅲ 产品类型:智能MP3 存储容量:32GB 扩展卡:支持双TF卡，256GB*2 屏幕尺寸:3.97英寸 屏幕分辨率:480×800像素 OTG功能:支持,产品类型:智能MP3 存储容量:32GB 扩展卡:支持双TF卡，256GB*2 屏幕尺寸:3.97英寸 屏幕分辨率:480×800像素 OTG功能:支持
MP3,http://detail.zol.com.cn/mp3_player/,飞傲X7 Mark Ⅱ 产品类型:智能MP3 存储容量:64GB 扩展卡:支持双MicroSD（TF）卡，最大512GB 屏幕尺寸:3.97英寸 屏幕分辨率:480×800像素 电池类型:聚合物锂电池,产品类型:智能MP3 存储容量:64GB 扩展卡:支持双MicroSD（TF）卡，最大512GB 屏幕尺寸:3.97英寸 屏幕分辨率:480×800像素 电池类型:聚合物锂电池
MP3,http://detail.zol.com.cn/mp3_player/,爱国者MP3-103 迷你音乐播放器，无损高音质跑步运动,迷你音乐播放器，无损高音质跑步运动
MP3,http://detail.zol.com.cn/mp3_player/,飞利浦Action（4GB） 头戴式运动播放器,头戴式运动播放器
MP3,http://detail.zol.com.cn/mp3_player/,Cayin N5ii 产品类型:纯音频MP3 存储容量:运行内存：1G DDR3 储存内存：32GB+外置插卡256GB*2 屏幕尺寸:3.65英寸 屏幕分辨率:480×845像素 续航时间:9小时以上 产品重量:150g 操作方式:触摸式+按键式,产品类型:纯音频MP3 存储容量:运行内存：1G DDR3 储存内存：32GB+外置插卡256GB*2 屏幕尺寸:3.65英寸 屏幕分辨率:480×845像素 续航时间:9小时以上 产品重量:150g 操作方式:触摸式+按键式
MP3,http://detail.zol.com.cn/mp3_player/,索尼NWZ-W273S（4GB） 快充，防滴溅运动式播放器,快充，防滴溅运动式播放器
MP3,http://detail.zol.com.cn/mp3_player/,索尼NW-WM1Z/NM（256GB） 产品类型:纯音频MP3 存储容量:256GB 扩展卡:支持MicroSD（TF），microSDHC，microSDXC卡 屏幕尺寸:4.0英寸 屏幕分辨率:854×480像素 音频格式:支持MP3，WMA，FLAC，Linear PCM，AAC，HE-AAC，Apple Lossless，AIFF，DSD格式 电池类型:锂电池,产品类型:纯音频MP3 存储容量:256GB 扩展卡:支持MicroSD（TF），microSDHC，microSDXC卡 屏幕尺寸:4.0英寸 屏幕分辨率:854×480像素 音频格式:支持MP3，WMA，FLAC，Linear PCM，AAC，HE-AAC，Apple Lossless，AIFF，DSD格式 电池类型:锂电池
MP3,http://detail.zol.com.cn/mp3_player/,飞傲X7 WiFi智能安卓系统，无损音乐播放器，HIFI播放器,WiFi智能安卓系统，无损音乐播放器，HIFI播放器
移动电源,http://detail.zol.com.cn/pocketpower/,罗马仕sense 6 产品类型:通用分体式 适用设备:普通移动电源 电池类型:锂电池 电池容量:20000mAh 输出接口:双USB输出 理论转换率:85% 实际转换率:96.22%（恒定电流1A）；82.41%（恒流电流2.1A）,产品类型:通用分体式 适用设备:普通移动电源 电池类型:锂电池 电池容量:20000mAh 输出接口:双USB输出 理论转换率:85% 实际转换率:96.22%（恒定电流1A）；82.41%（恒流电流2.1A）
移动电源,http://detail.zol.com.cn/pocketpower/,"品能PN-913 产品类型:普通移动电源 携带方式:通用分体式 电池类型:锂电池 电池容量:10000mAh 产品电压:输入：DC4.8-5.4V，输出：5V 产品电流:输入：1A-2A 输出：1A,2.1A 输入接口:Micro USB","产品类型:普通移动电源 携带方式:通用分体式 电池类型:锂电池 电池容量:10000mAh 产品电压:输入：DC4.8-5.4V，输出：5V 产品电流:输入：1A-2A 输出：1A,2.1A 输入接口:Micro USB"
移动电源,http://detail.zol.com.cn/pocketpower/,摩米士iPower GO mini小旅行箱（online） 产品类型:普通移动电源 携带方式:通用分体式 电池类型:锂电池 电池容量:7800mAh 理论转换率:93%以上 实际转换率:80%（恒定电流2A） 产品电压:输入：5V 输出：5V,产品类型:普通移动电源 携带方式:通用分体式 电池类型:锂电池 电池容量:7800mAh 理论转换率:93%以上 实际转换率:80%（恒定电流2A） 产品电压:输入：5V 输出：5V
移动电源,http://detail.zol.com.cn/pocketpower/,爱唯克思RV-30000A 产品类型:普通移动电源 携带方式:通用分体式 电池类型:聚合物锂电池 电池容量:30000mAh 产品电压:输入：15V-19V 输出：5V（USB1），5V（USB2），12V/16V/19V（DC输出） 产品电流:输入：2A 输出：1A（USB1），2A（USB2），12V/16V/19V（DC输出） 输入接口:DC,产品类型:普通移动电源 携带方式:通用分体式 电池类型:聚合物锂电池 电池容量:30000mAh 产品电压:输入：15V-19V 输出：5V（USB1），5V（USB2），12V/16V/19V（DC输出） 产品电流:输入：2A 输出：1A（USB1），2A（USB2），12V/16V/19V（DC输出） 输入接口:DC
移动电源,http://detail.zol.com.cn/pocketpower/,安能泰AN10000 产品类型:普通移动电源 携带方式:通用分体式 电池类型:聚合物锂电池 电池容量:8000mAh 产品电压:输入：5V 输出：5V 产品电流:输入：1.5A 输出：2.1A 充电时间:1安适配器充满约15小时。2安适配器充满约8小时。,产品类型:普通移动电源 携带方式:通用分体式 电池类型:聚合物锂电池 电池容量:8000mAh 产品电压:输入：5V 输出：5V 产品电流:输入：1.5A 输出：2.1A 充电时间:1安适配器充满约15小时。2安适配器充满约8小时。
移动电源,http://detail.zol.com.cn/pocketpower/,爱国者E100 产品类型:通用分体式 适用设备:普通移动电源 电池类型:聚合物锂电池 电池容量:10000mAh 输出接口:双USB输出 实际应用转换率:83.17%（恒定电流2A） 特色功能:LED灯照明,产品类型:通用分体式 适用设备:普通移动电源 电池类型:聚合物锂电池 电池容量:10000mAh 输出接口:双USB输出 实际应用转换率:83.17%（恒定电流2A） 特色功能:LED灯照明
移动电源,http://detail.zol.com.cn/pocketpower/,小米移动电源（10400mAh） 产品类型:通用分体式 适用设备:普通移动电源 电池类型:锂电池 电池容量:10400mAh 输出接口:单USB输出 理论转换率:93% 实际应用转换率:80%（恒定电流2A）,产品类型:通用分体式 适用设备:普通移动电源 电池类型:锂电池 电池容量:10400mAh 输出接口:单USB输出 理论转换率:93% 实际应用转换率:80%（恒定电流2A）
移动电源,http://detail.zol.com.cn/pocketpower/,品胜LCD电库二代 20000mAh 产品类型:通用分体式 适用设备:普通移动电源 电池容量:20000mAh 输出接口:双USB输出 理论转换率:90% 特色功能:LCD屏 产品电压:输入：5V 输出：5V,产品类型:通用分体式 适用设备:普通移动电源 电池容量:20000mAh 输出接口:双USB输出 理论转换率:90% 特色功能:LCD屏 产品电压:输入：5V 输出：5V
移动电源,http://detail.zol.com.cn/pocketpower/,罗马仕sense 6P 产品类型:通用分体式 适用设备:普通移动电源 电池类型:聚合物锂电池 电池容量:20000mAh 输出接口:双USB输出 理论转换率:85% 实际应用转换率:96.22%（恒定电流1A）；82.41%（恒流电流2.1A）,产品类型:通用分体式 适用设备:普通移动电源 电池类型:聚合物锂电池 电池容量:20000mAh 输出接口:双USB输出 理论转换率:85% 实际应用转换率:96.22%（恒定电流1A）；82.41%（恒流电流2.1A）
移动电源,http://detail.zol.com.cn/pocketpower/,小米移动电源（20000mAh） 产品类型:通用分体式 适用设备:普通移动电源 电池容量:20000mAh 输出接口:双USB输出 产品电压:输入：5V/12V 输出：5.1V 产品电流:输入：2A/1.5A 输出：2A/3.A 输入接口:Micro USB,产品类型:通用分体式 适用设备:普通移动电源 电池容量:20000mAh 输出接口:双USB输出 产品电压:输入：5V/12V 输出：5.1V 产品电流:输入：2A/1.5A 输出：2A/3.A 输入接口:Micro USB
移动电源,http://detail.zol.com.cn/pocketpower/,华为20000mAh快充版 产品类型:通用分体式 适用设备:普通移动电源 电池类型:聚合物锂电池 电池容量:20000mAh 产品电压:输入：5V/9V/12V 输出：5V 产品电流:输入：2A/1.5A 输出：2A 适用环境:充电温度：0-40℃ 放电温度：-10-45℃,产品类型:通用分体式 适用设备:普通移动电源 电池类型:聚合物锂电池 电池容量:20000mAh 产品电压:输入：5V/9V/12V 输出：5V 产品电流:输入：2A/1.5A 输出：2A 适用环境:充电温度：0-40℃ 放电温度：-10-45℃
移动电源,http://detail.zol.com.cn/pocketpower/,罗马仕派20000毫安 产品类型:通用分体式 电池容量:20000mAh 输出接口:双USB输出 理论转换率:85% 产品电压:输入：5V 输出：5V 产品电流:输入：2.1A 输出：1A，2.1A 充电时间:13小时,产品类型:通用分体式 电池容量:20000mAh 输出接口:双USB输出 理论转换率:85% 产品电压:输入：5V 输出：5V 产品电流:输入：2.1A 输出：1A，2.1A 充电时间:13小时
移动电源,http://detail.zol.com.cn/pocketpower/,小米移动电源（10000mAh） 产品类型:通用分体式 适用设备:普通移动电源 电池类型:锂电池 电池容量:10000mAh 输出接口:单USB输出 理论转换率:93% 特色功能:保护恢复：使用充电器进行充电动作，即可恢复,产品类型:通用分体式 适用设备:普通移动电源 电池类型:锂电池 电池容量:10000mAh 输出接口:单USB输出 理论转换率:93% 特色功能:保护恢复：使用充电器进行充电动作，即可恢复
移动电源,http://detail.zol.com.cn/pocketpower/,罗马仕sense 4 产品类型:普通移动电源 携带方式:通用分体式 电池类型:锂电池 电池容量:10400mAh 理论转换率:85% 实际转换率:81.59%（恒定电流2A） 产品电压:输入：5V 输出：5V,产品类型:普通移动电源 携带方式:通用分体式 电池类型:锂电池 电池容量:10400mAh 理论转换率:85% 实际转换率:81.59%（恒定电流2A） 产品电压:输入：5V 输出：5V
移动电源,http://detail.zol.com.cn/pocketpower/,华为10000mAh移动电源（快充版/AP09Q） 产品类型:通用分体式 适用设备:普通移动电源 电池类型:聚合物锂电池 电池容量:10000mAh 输出接口:单USB输出 理论转换率:大于93%@5V，89%@9V 产品电压:输入：5V 输出：5V,产品类型:通用分体式 适用设备:普通移动电源 电池类型:聚合物锂电池 电池容量:10000mAh 输出接口:单USB输出 理论转换率:大于93%@5V，89%@9V 产品电压:输入：5V 输出：5V
移动电源,http://detail.zol.com.cn/pocketpower/,罗马仕BE-101-01 产品类型:通用分体式 适用设备:普通移动电源 电池类型:锂电池 电池容量:10000mAh 产品电压:输入：5V 输出：5V 产品电流:输入：2A 输出：2.4A 适用产品:平板电脑，移动电话，MP3,产品类型:通用分体式 适用设备:普通移动电源 电池类型:锂电池 电池容量:10000mAh 产品电压:输入：5V 输出：5V 产品电流:输入：2A 输出：2.4A 适用产品:平板电脑，移动电话，MP3
移动电源,http://detail.zol.com.cn/pocketpower/,小米新款超薄5000mAh移动电源 产品类型:通用分体式 适用设备:普通移动电源 电池类型:聚合物锂电池 电池容量:5000mAh 输出接口:单USB输出 理论转换率:93% 产品电压:输入：5V 输出：5V,产品类型:通用分体式 适用设备:普通移动电源 电池类型:聚合物锂电池 电池容量:5000mAh 输出接口:单USB输出 理论转换率:93% 产品电压:输入：5V 输出：5V
移动电源,http://detail.zol.com.cn/pocketpower/,小米移动电源2C（20000mAh） 产品类型:通用分体式 适用设备:普通移动电源 电池类型:聚合物锂电池 电池容量:20000mAh 输出接口:双USB输出 理论转换率:93% 特色功能:支持QC3.0快充和快放，并支持双向充电，同时输出可达18W,产品类型:通用分体式 适用设备:普通移动电源 电池类型:聚合物锂电池 电池容量:20000mAh 输出接口:双USB输出 理论转换率:93% 特色功能:支持QC3.0快充和快放，并支持双向充电，同时输出可达18W
移动电源,http://detail.zol.com.cn/pocketpower/,品胜LED备电 10000mAh 产品类型:通用分体式 适用设备:普通移动电源 电池容量:10000mAh 输出接口:单USB输出 理论转换率:90% 产品电压:输入：5V 输出：5V 产品电流:输入：2A 输出：2A,产品类型:通用分体式 适用设备:普通移动电源 电池容量:10000mAh 输出接口:单USB输出 理论转换率:90% 产品电压:输入：5V 输出：5V 产品电流:输入：2A 输出：2A
移动电源,http://detail.zol.com.cn/pocketpower/,罗马仕eUSB sofun 6 产品类型:笔记本移动电源 携带方式:通用分体式 电池类型:锂电池 电池容量:16000mAh 产品电压:输入：DC 15V-20V 输出：DC12-20V，DC5V，5V（USB） 产品电流:输入：3.5A 输出：3.5A（DC接口），1A（DC接口），2.4A（USB） 充电时间:约3.5小时,产品类型:笔记本移动电源 携带方式:通用分体式 电池类型:锂电池 电池容量:16000mAh 产品电压:输入：DC 15V-20V 输出：DC12-20V，DC5V，5V（USB） 产品电流:输入：3.5A 输出：3.5A（DC接口），1A（DC接口），2.4A（USB） 充电时间:约3.5小时
移动电源,http://detail.zol.com.cn/pocketpower/,小米移动电源（16000Ah） 产品类型:通用分体式 适用设备:普通移动电源 电池类型:锂电池 电池容量:16000mAh 输出接口:双USB输出 理论转换率:93% 产品电压:输入：5V 输出：5.1V,产品类型:通用分体式 适用设备:普通移动电源 电池类型:锂电池 电池容量:16000mAh 输出接口:双USB输出 理论转换率:93% 产品电压:输入：5V 输出：5.1V
移动电源,http://detail.zol.com.cn/pocketpower/,品胜电库 10000mAh 电池类型:锂电池 电池容量:10000mAh 产品类型:通用移动电源 产品电压:输入：DC4.8-5.4V 2000mA（最大） 产品电流:输出：USB1：5V-1000mA USB2：5V-2000mA 输出接口:双USB 循环寿命:1000次,电池类型:锂电池 电池容量:10000mAh 产品类型:通用移动电源 产品电压:输入：DC4.8-5.4V 2000mA（最大） 产品电流:输出：USB1：5V-1000mA USB2：5V-2000mA 输出接口:双USB 循环寿命:1000次
移动电源,http://detail.zol.com.cn/pocketpower/,魅族M10 产品类型:通用分体式 适用设备:普通移动电源 电池类型:锂离子聚合物 电池容量:10000mAh 输出接口:单USB输出 理论转换率:93% 实际应用转换率:80%,产品类型:通用分体式 适用设备:普通移动电源 电池类型:锂离子聚合物 电池容量:10000mAh 输出接口:单USB输出 理论转换率:93% 实际应用转换率:80%
移动电源,http://detail.zol.com.cn/pocketpower/,罗马仕Freemos 10 产品类型:通用分体式 适用设备:无线充电移动电源 电池容量:10000mAh 输出接口:单USB输出 特色功能:支持无线充电 产品电压:输入：5V/9V 输出：12V 无线：5V 产品电流:输入：2A 输出：1.5A 无线：1A,产品类型:通用分体式 适用设备:无线充电移动电源 电池容量:10000mAh 输出接口:单USB输出 特色功能:支持无线充电 产品电压:输入：5V/9V 输出：12V 无线：5V 产品电流:输入：2A 输出：1.5A 无线：1A
移动电源,http://detail.zol.com.cn/pocketpower/,品胜TS-D151 易充四代 10000mAh 产品类型:普通移动电源 携带方式:通用分体式 电池类型:锂电池 电池容量:10000mAh 实际转换率:88.84%（恒定电流2A） 产品电压:输出：5V 产品电流:输入：1A 输出：2A,产品类型:普通移动电源 携带方式:通用分体式 电池类型:锂电池 电池容量:10000mAh 实际转换率:88.84%（恒定电流2A） 产品电压:输出：5V 产品电流:输入：1A 输出：2A
移动电源,http://detail.zol.com.cn/pocketpower/,小米移动电源 10000mAh 高配版 产品类型:通用分体式 适用设备:普通移动电源,产品类型:通用分体式 适用设备:普通移动电源
移动电源,http://detail.zol.com.cn/pocketpower/,索尼CP-B20 产品类型:普通移动电源 携带方式:通用分体式 电池类型:聚合物锂电池 电池容量:20000mAh 产品电压:输入：5V 输出：5V 产品电流:输入：0.5-1.5A 输出： 充电时间:AC适配器：约15小时 USB口：约50小时,产品类型:普通移动电源 携带方式:通用分体式 电池类型:聚合物锂电池 电池容量:20000mAh 产品电压:输入：5V 输出：5V 产品电流:输入：0.5-1.5A 输出： 充电时间:AC适配器：约15小时 USB口：约50小时
移动电源,http://detail.zol.com.cn/pocketpower/,爱国者TN104 适用类型:普通移动电源 携带方式:通用分体式 电池类型:锂电池 电池容量:10400mAh 输出接口:双USB输出 产品电压:输入：5V 输出：5V 产品电流:输入：1A 输出：1A，2.1A,适用类型:普通移动电源 携带方式:通用分体式 电池类型:锂电池 电池容量:10400mAh 输出接口:双USB输出 产品电压:输入：5V 输出：5V 产品电流:输入：1A 输出：1A，2.1A
移动电源,http://detail.zol.com.cn/pocketpower/,罗马仕polymos 10 产品类型:通用分体式 适用设备:普通移动电源 电池类型:聚合物锂电池 电池容量:10000mAh 输出接口:双USB输出 实际应用转换率:87.07%（恒定电流2A） 产品电压:输入：5V 输出：5V,产品类型:通用分体式 适用设备:普通移动电源 电池类型:聚合物锂电池 电池容量:10000mAh 输出接口:双USB输出 实际应用转换率:87.07%（恒定电流2A） 产品电压:输入：5V 输出：5V
移动电源,http://detail.zol.com.cn/pocketpower/,华为5000mAh 移动电源（AP006L） 产品类型:通用分体式 适用设备:普通移动电源 电池类型:聚合物锂电池 电池容量:5000mAh 输出接口:单USB输出 产品电压:4.5V-5.25V 产品电流:2A,产品类型:通用分体式 适用设备:普通移动电源 电池类型:聚合物锂电池 电池容量:5000mAh 输出接口:单USB输出 产品电压:4.5V-5.25V 产品电流:2A
移动电源,http://detail.zol.com.cn/pocketpower/,罗马仕PH80-270 产品类型:通用分体式 适用设备:普通移动电源 电池容量:20000mAh 输出接口:双USB输出 理论转换率:85% 产品电压:输入：5V 输出：5V 产品电流:输入：2.1 输出：1A/2.1A,产品类型:通用分体式 适用设备:普通移动电源 电池容量:20000mAh 输出接口:双USB输出 理论转换率:85% 产品电压:输入：5V 输出：5V 产品电流:输入：2.1 输出：1A/2.1A
移动电源,http://detail.zol.com.cn/pocketpower/,小米移动电源（5200mAh） 产品类型:通用分体式 适用设备:普通移动电源 电池类型:锂电池 电池容量:5200mAh 输出接口:单USB输出 理论转换率:85% 特色功能:保护恢复：使用充电器进行充电动作，即可恢复,产品类型:通用分体式 适用设备:普通移动电源 电池类型:锂电池 电池容量:5200mAh 输出接口:单USB输出 理论转换率:85% 特色功能:保护恢复：使用充电器进行充电动作，即可恢复
移动电源,http://detail.zol.com.cn/pocketpower/,爱国者E20000 产品类型:通用分体式 适用设备:普通移动电源 电池类型:聚合物锂电池 电池容量:20000mAh 输出接口:Micro USB输出 理论转换率:1A≥90% 2A≥80% 产品电压:输入：5V 输出：5V,产品类型:通用分体式 适用设备:普通移动电源 电池类型:聚合物锂电池 电池容量:20000mAh 输出接口:Micro USB输出 理论转换率:1A≥90% 2A≥80% 产品电压:输入：5V 输出：5V
移动电源,http://detail.zol.com.cn/pocketpower/,品胜LCD电库10000mAh 产品类型:通用分体式 适用设备:普通移动电源 电池容量:10000mAh 理论转换率:90%以上 产品电压:输入：5V 输出：5V 产品电流:输入：1A 输出：2A 适用产品:iPhone4/4s，iPhone5，touch，nano，i9300等90%主流品牌手机,产品类型:通用分体式 适用设备:普通移动电源 电池容量:10000mAh 理论转换率:90%以上 产品电压:输入：5V 输出：5V 产品电流:输入：1A 输出：2A 适用产品:iPhone4/4s，iPhone5，touch，nano，i9300等90%主流品牌手机
移动电源,http://detail.zol.com.cn/pocketpower/,飞毛腿炫彩精灵SPB-M100 电池容量:10000mAh 产品类型:普通移动电源,电池容量:10000mAh 产品类型:普通移动电源
移动电源,http://detail.zol.com.cn/pocketpower/,罗马仕sofun 6 产品类型:普通移动电源 携带方式:通用分体式 电池类型:锂电池 电池容量:16000mAh 产品电压:输入：5V 输出：5V 产品电流:输入：1A 输出：1A（USB1），2.4A（USB2） 充电时间:约10.5小时（需用10w适配器）,产品类型:普通移动电源 携带方式:通用分体式 电池类型:锂电池 电池容量:16000mAh 产品电压:输入：5V 输出：5V 产品电流:输入：1A 输出：1A（USB1），2.4A（USB2） 充电时间:约10.5小时（需用10w适配器）
移动电源,http://detail.zol.com.cn/pocketpower/,华为Colorphon 5 产品类型:通用分体式 适用设备:普通移动电源 电池容量:4800mAh 输出接口:单USB输出 产品电压:输出：5V 产品电流:输出：2A 输入接口:Micro USB,产品类型:通用分体式 适用设备:普通移动电源 电池容量:4800mAh 输出接口:单USB输出 产品电压:输出：5V 产品电流:输出：2A 输入接口:Micro USB
移动电源,http://detail.zol.com.cn/pocketpower/,羽博YB-647 产品类型:普通移动电源 电池类型:锂电池 电池容量:10400mAh 充电时间:12小时 输入接口:Micro USB 输出接口:DC 指示灯:5个电量指示灯,产品类型:普通移动电源 电池类型:锂电池 电池容量:10400mAh 充电时间:12小时 输入接口:Micro USB 输出接口:DC 指示灯:5个电量指示灯
移动电源,http://detail.zol.com.cn/pocketpower/,品胜LCD电库 15000mAh（2.4A） 产品类型:普通移动电源 携带方式:通用分体式 电池容量:15000mAh 产品电压:输入：5V 输出：5V 产品电流:输入：1A 输出：2A 产品颜色:苹果白 产品重量:325.8g,产品类型:普通移动电源 携带方式:通用分体式 电池容量:15000mAh 产品电压:输入：5V 输出：5V 产品电流:输入：1A 输出：2A 产品颜色:苹果白 产品重量:325.8g
移动电源,http://detail.zol.com.cn/pocketpower/,爱国者K10 产品类型:通用分体式 适用设备:普通移动电源 电池类型:锂电池 电池容量:10000mAh 输出接口:双USB输出 理论转换率:90%（恒定电流1A），80%（恒定电流2.1A） 产品电压:输入：5V 输出：5V,产品类型:通用分体式 适用设备:普通移动电源 电池类型:锂电池 电池容量:10000mAh 输出接口:双USB输出 理论转换率:90%（恒定电流1A），80%（恒定电流2.1A） 产品电压:输入：5V 输出：5V
移动电源,http://detail.zol.com.cn/pocketpower/,索尼CP-V5 产品类型:普通移动电源 携带方式:通用分体式 电池类型:聚合物锂电池 电池容量:5000mAh 产品电压:输入：5V 输出：5V 产品电流:输出：1.5A 充电时间:约12小时,产品类型:普通移动电源 携带方式:通用分体式 电池类型:聚合物锂电池 电池容量:5000mAh 产品电压:输入：5V 输出：5V 产品电流:输出：1.5A 充电时间:约12小时
移动电源,http://detail.zol.com.cn/pocketpower/,罗马仕ACE 产品类型:通用分体式 适用设备:普通移动电源 电池类型:锂电池 电池容量:10000mAh 输出接口:双USB输出 产品电压:输入：5V 输出：5V 产品电流:输入：2.1A 输出：1A,产品类型:通用分体式 适用设备:普通移动电源 电池类型:锂电池 电池容量:10000mAh 输出接口:双USB输出 产品电压:输入：5V 输出：5V 产品电流:输入：2.1A 输出：1A
移动电源,http://detail.zol.com.cn/pocketpower/,飞利浦DLP6100V 产品类型:通用分体式 适用设备:苹果移动电源 电池类型:聚合物锂电池 电池容量:10000mAh 产品电压:输入：5V 输出：5V 产品电流:输入：1A/2.1A 输出：1A/2.1A 包装清单:DLP6100V ×1 充电线 ×1 说明书 ×1,产品类型:通用分体式 适用设备:苹果移动电源 电池类型:聚合物锂电池 电池容量:10000mAh 产品电压:输入：5V 输出：5V 产品电流:输入：1A/2.1A 输出：1A/2.1A 包装清单:DLP6100V ×1 充电线 ×1 说明书 ×1
移动电源,http://detail.zol.com.cn/pocketpower/,品胜电霸 四代 5000mAh 电池容量:5000mAh 产品类型:普通移动电源,电池容量:5000mAh 产品类型:普通移动电源
移动电源,http://detail.zol.com.cn/pocketpower/,尚族SC002五防太阳能移动电源 产品类型:吸附式 适用设备:太阳能移动电源 电池类型:聚合物锂电池 电池容量:5600mAh 输出接口:双USB输出 理论转换率:88% 实际应用转换率:88%,产品类型:吸附式 适用设备:太阳能移动电源 电池类型:聚合物锂电池 电池容量:5600mAh 输出接口:双USB输出 理论转换率:88% 实际应用转换率:88%
移动电源,http://detail.zol.com.cn/pocketpower/,爱国者W100 产品类型:通用分体式 适用设备:普通移动电源 电池类型:聚合物锂电池 电池容量:10000mAh 产品电压:输入：5V 输出：5V 产品电流:输入：2A 输出：1.5A 其他特点:工作温度：0-40℃,产品类型:通用分体式 适用设备:普通移动电源 电池类型:聚合物锂电池 电池容量:10000mAh 产品电压:输入：5V 输出：5V 产品电流:输入：2A 输出：1.5A 其他特点:工作温度：0-40℃
移动电源,http://detail.zol.com.cn/pocketpower/,罗马仕UPOWER 产品类型:通用分体式 适用设备:普通移动电源 电池类型:聚合物锂电池 电池容量:10050mAh 输出接口:双USB输出 理论转换率:92% 特色功能:自动感应产品USB连接状态，支持同步充放，可适配不同国家接口,产品类型:通用分体式 适用设备:普通移动电源 电池类型:聚合物锂电池 电池容量:10050mAh 输出接口:双USB输出 理论转换率:92% 特色功能:自动感应产品USB连接状态，支持同步充放，可适配不同国家接口
移动电源,http://detail.zol.com.cn/pocketpower/,沃品小沃P10 产品类型:通用分体式 适用设备:普通移动电源 电池容量:10000mAh 输出接口:双USB输出 理论转换率:90% 特色功能:LED手电筒 产品电压:输入：4.8-5.4V 输出：5V,产品类型:通用分体式 适用设备:普通移动电源 电池容量:10000mAh 输出接口:双USB输出 理论转换率:90% 特色功能:LED手电筒 产品电压:输入：4.8-5.4V 输出：5V
移动电源,http://detail.zol.com.cn/pocketpower/,vivo P50 产品类型:通用分体式 电池类型:锂电池 电池容量:5000mAh 产品电压:输入：5V 输出：5V 产品电流:输入：1A 输出：1A 充电时间:6-7小时 包装清单:移动电源 ×1,产品类型:通用分体式 电池类型:锂电池 电池容量:5000mAh 产品电压:输入：5V 输出：5V 产品电流:输入：1A 输出：1A 充电时间:6-7小时 包装清单:移动电源 ×1
电动车,http://detail.zol.com.cn/convenienttravel/,爱玛小玛A3 液晶反显仪表，日间行车灯，赛车级中置减震，博世电机,液晶反显仪表，日间行车灯，赛车级中置减震，博世电机
电动车,http://detail.zol.com.cn/convenienttravel/,E客E1 S 顶配版 智能防盗，光线感应器，故障自检，能量回收功能,智能防盗，光线感应器，故障自检，能量回收功能
电动车,http://detail.zol.com.cn/convenienttravel/,新日MIKU MAX 超长续航，LED高亮大灯，6小时充满电，多色可选,超长续航，LED高亮大灯，6小时充满电，多色可选
电动车,http://detail.zol.com.cn/convenienttravel/,小牛电动U1动力标准版 轻巧机身，智能锂电池，实时定位，手机报警,轻巧机身，智能锂电池，实时定位，手机报警
电动车,http://detail.zol.com.cn/convenienttravel/,台铃C-One LED大灯珠，液压前叉，隐藏式手机充电，原创内嵌式挂钩,LED大灯珠，液压前叉，隐藏式手机充电，原创内嵌式挂钩
电动车,http://detail.zol.com.cn/convenienttravel/,速珂TS PRO 智能光敏感应技术，动态LED光感式前大灯，人体工程三点坐姿，运动型轮胎,智能光敏感应技术，动态LED光感式前大灯，人体工程三点坐姿，运动型轮胎
电动车,http://detail.zol.com.cn/convenienttravel/,绿源韵鹰6 MN6-CAS7220-J5 一体成型，一键超车，贴片式LED延时灯控，移车助力,一体成型，一键超车，贴片式LED延时灯控，移车助力
电动车,http://detail.zol.com.cn/convenienttravel/,小刀CRV 无刷电摩电机，ACS智能补电，三档变速，手动巡航,无刷电摩电机，ACS智能补电，三档变速，手动巡航
电动车,http://detail.zol.com.cn/convenienttravel/,立马Mio（咪欧）炫彩版 ECU控制，一键启动，全屏仪表，单撑断电,ECU控制，一键启动，全屏仪表，单撑断电
电动车,http://detail.zol.com.cn/convenienttravel/,小牛电动N1S（动力版） 最高时速:约45km/h 最大荷载人数:2人 续航里程:120km 电机功率:1200W 刹车距离:4.52m 制动类型:前后碟刹 电池类型:18650锂电池/60V 26Ah,最高时速:约45km/h 最大荷载人数:2人 续航里程:120km 电机功率:1200W 刹车距离:4.52m 制动类型:前后碟刹 电池类型:18650锂电池/60V 26Ah
电动车,http://detail.zol.com.cn/convenienttravel/,爱玛IN麦 旗舰版 最大荷载人数:2人 电机功率:500W 制动类型:前碟后毂 电池类型:铅酸电池 产品类型:电动摩托车 车型款式:双轮 产品颜色:丝光红，炫闪黄，亚黑，璀璨珠白,最大荷载人数:2人 电机功率:500W 制动类型:前碟后毂 电池类型:铅酸电池 产品类型:电动摩托车 车型款式:双轮 产品颜色:丝光红，炫闪黄，亚黑，璀璨珠白
电动车,http://detail.zol.com.cn/convenienttravel/,爱玛蛋蛋 最高时速:28km/h 最大荷载人数:2人 续航里程:65-71km 制动类型:前后鼓刹 电池类型:锂电池 产品类型:电动摩托车 车型款式:双轮,最高时速:28km/h 最大荷载人数:2人 续航里程:65-71km 制动类型:前后鼓刹 电池类型:锂电池 产品类型:电动摩托车 车型款式:双轮
电动车,http://detail.zol.com.cn/convenienttravel/,小牛电动M1S 产品类型:电动摩托车 电机:BOSCH高性能无刷电机 蓄电池类型:锂离子电池 爬坡能力:13° 额定功率:800W 显示面板:LCD全液晶仪表盘 产品尺寸:1640*657*1099mm,产品类型:电动摩托车 电机:BOSCH高性能无刷电机 蓄电池类型:锂离子电池 爬坡能力:13° 额定功率:800W 显示面板:LCD全液晶仪表盘 产品尺寸:1640*657*1099mm
电动车,http://detail.zol.com.cn/convenienttravel/,速珂CU（标准版） 最大荷载人数:2人 续航里程:80km 刹车距离:干态：1.8m 湿态：2.5m 制动类型:前碟后毂 电池类型:18650电芯锂电池 产品类型:电动摩托车 车座高度:720mm,最大荷载人数:2人 续航里程:80km 刹车距离:干态：1.8m 湿态：2.5m 制动类型:前碟后毂 电池类型:18650电芯锂电池 产品类型:电动摩托车 车座高度:720mm
电动车,http://detail.zol.com.cn/convenienttravel/,速珂TS LITE 动态LED光感式前大灯，运动型轮胎，人体工程三点坐姿，LED后尾灯,动态LED光感式前大灯，运动型轮胎，人体工程三点坐姿，LED后尾灯
电动车,http://detail.zol.com.cn/convenienttravel/,小米Ninebot两轮平衡车 产品类型:电动平衡车 续航里程:22km 产品颜色:黑色，白色 产品尺寸:车宽：548mm 轮胎直径：260mm 产品重量:12.8kg 防水等级:IP54 充电时间:4小时,产品类型:电动平衡车 续航里程:22km 产品颜色:黑色，白色 产品尺寸:车宽：548mm 轮胎直径：260mm 产品重量:12.8kg 防水等级:IP54 充电时间:4小时
电动车,http://detail.zol.com.cn/convenienttravel/,门罗2.0 Munro2.0,Munro2.0
电动车,http://detail.zol.com.cn/convenienttravel/,小牛电动M1pro 载重:100kg 续行里程:120km 轴距:1150mm 减震方式:前减震：套筒，油阻尼式 后减震：弹簧，油阻尼式 控制器:FOC矢量控制器 仪表:LCD全液晶仪表盘 爬坡能力:15°,载重:100kg 续行里程:120km 轴距:1150mm 减震方式:前减震：套筒，油阻尼式 后减震：弹簧，油阻尼式 控制器:FOC矢量控制器 仪表:LCD全液晶仪表盘 爬坡能力:15°
电动车,http://detail.zol.com.cn/convenienttravel/,速珂TC 智能报警器，BMOS智慧交互系统，ECU中控通讯芯片，进口18650动力电芯,智能报警器，BMOS智慧交互系统，ECU中控通讯芯片，进口18650动力电芯
电动车,http://detail.zol.com.cn/convenienttravel/,小牛电动M1C 产品类型:电动摩托车 续航里程:80km 电机:BOSCH高性能无刷电机 蓄电池类型:锂离子电池 爬坡能力:11° 额定功率:600W 产品颜色:白色,产品类型:电动摩托车 续航里程:80km 电机:BOSCH高性能无刷电机 蓄电池类型:锂离子电池 爬坡能力:11° 额定功率:600W 产品颜色:白色
电动车,http://detail.zol.com.cn/convenienttravel/,爱玛MINI家族系列 麦 天使眼大灯，高碳钢车架，高性能减震器，博世电机,天使眼大灯，高碳钢车架，高性能减震器，博世电机
电动车,http://detail.zol.com.cn/convenienttravel/,小牛电动U1青春标准版 无钥匙启动，定位防盗，手机报警，智能锂电池,无钥匙启动，定位防盗，手机报警，智能锂电池
电动车,http://detail.zol.com.cn/convenienttravel/,速珂CU（酷玩版） 最大荷载人数:2人 续航里程:120km 刹车距离:干态：1.8m 湿态：2.5m 制动类型:前后碟刹 电池类型:18650电芯锂电池 产品类型:电动摩托车 车座高度:720mm,最大荷载人数:2人 续航里程:120km 刹车距离:干态：1.8m 湿态：2.5m 制动类型:前后碟刹 电池类型:18650电芯锂电池 产品类型:电动摩托车 车座高度:720mm
电动车,http://detail.zol.com.cn/convenienttravel/,爱玛小玛A6 智能静音电机，大容量电池，双液压前叉，双支梯设计,智能静音电机，大容量电池，双液压前叉，双支梯设计
电动车,http://detail.zol.com.cn/convenienttravel/,绿源MNF-DS7220-G1 产品类型:电动摩托车 续航里程:80km 蓄电池类型:绿源专用电池 款式:双轮 额定功率:800W 产品颜色:黑色，棕色 显示面板:液晶仪表,产品类型:电动摩托车 续航里程:80km 蓄电池类型:绿源专用电池 款式:双轮 额定功率:800W 产品颜色:黑色，棕色 显示面板:液晶仪表
电动车,http://detail.zol.com.cn/convenienttravel/,小牛电动N1S（都市版） 最高时速:约45km/h 最大荷载人数:2人 续航里程:80km 电机功率:1200W 刹车距离:4.52m 制动类型:前后碟刹 电池类型:18650锂电池/60V 20Ah,最高时速:约45km/h 最大荷载人数:2人 续航里程:80km 电机功率:1200W 刹车距离:4.52m 制动类型:前后碟刹 电池类型:18650锂电池/60V 20Ah
电动车,http://detail.zol.com.cn/convenienttravel/,小牛电动U1青春安全版 无钥匙启动，智能锂电池，GPS实时定位，手机报警,无钥匙启动，智能锂电池，GPS实时定位，手机报警
电动车,http://detail.zol.com.cn/convenienttravel/,绿源小龟 MHE-BSQ4820-GY 反光真空轮胎，液晶仪表，前碟刹后鼓刹，变频静音电机,反光真空轮胎，液晶仪表，前碟刹后鼓刹，变频静音电机
电动车,http://detail.zol.com.cn/convenienttravel/,小牛电动N1S（顶配版） 最高时速:约45km/h 最大荷载人数:2人 续航里程:120km 电机功率:1200W 刹车距离:4.52m 制动类型:前后碟刹 电池类型:18650锂电池/60V 35Ah,最高时速:约45km/h 最大荷载人数:2人 续航里程:120km 电机功率:1200W 刹车距离:4.52m 制动类型:前后碟刹 电池类型:18650锂电池/60V 35Ah
电动车,http://detail.zol.com.cn/convenienttravel/,爱玛小玛A9 天使眼日间行车灯，电子刹车功能，防滑脚踏板，可拆卸后靠背,天使眼日间行车灯，电子刹车功能，防滑脚踏板，可拆卸后靠背
电动车,http://detail.zol.com.cn/convenienttravel/,E客E1 Lite 最高时速:85km/h 续航里程:-5-0℃冬季户外环境：40-45km 25℃夏季常温环境：60-70km 电机功率:最大2500W 刹车距离:4.63m 电池类型:动力型锂离子电池 产品类型:电动摩托车 电机类型:铝合金永磁智步电动机,最高时速:85km/h 续航里程:-5-0℃冬季户外环境：40-45km 25℃夏季常温环境：60-70km 电机功率:最大2500W 刹车距离:4.63m 电池类型:动力型锂离子电池 产品类型:电动摩托车 电机类型:铝合金永磁智步电动机
电动车,http://detail.zol.com.cn/convenienttravel/,爱玛雪豹 博世电机，碟刹制动，高性能减震器,博世电机，碟刹制动，高性能减震器
电动车,http://detail.zol.com.cn/convenienttravel/,新日黑豹 智能故障检测，修复功能，液晶仪表,智能故障检测，修复功能，液晶仪表
电动车,http://detail.zol.com.cn/convenienttravel/,绿源MTA-FS8020-G2 载重:150kg 最高时速:50km/h 续行里程:75-80km 轮胎:真空胎 车轮介绍:14*2.5 轴距:1370mm 制动类型:前碟刹后鼓刹,载重:150kg 最高时速:50km/h 续行里程:75-80km 轮胎:真空胎 车轮介绍:14*2.5 轴距:1370mm 制动类型:前碟刹后鼓刹
电动车,http://detail.zol.com.cn/convenienttravel/,新日黑豹II 最大荷载人数:2人 续航里程:>60km 制动类型:前碟后毂 产品类型:电动摩托车 电机类型:同步变频电机 车型款式:双轮 显示面板:液晶仪表,最大荷载人数:2人 续航里程:>60km 制动类型:前碟后毂 产品类型:电动摩托车 电机类型:同步变频电机 车型款式:双轮 显示面板:液晶仪表
电动车,http://detail.zol.com.cn/convenienttravel/,小牛电动U1动力安全版 智能锂电池，高效动力系统，车辆防盗，手机报警,智能锂电池，高效动力系统，车辆防盗，手机报警
电动车,http://detail.zol.com.cn/convenienttravel/,爱玛mini酷迅 最大荷载人数:2人 电机功率:350W 制动类型:前后毂刹 产品类型:电动自行车 车型款式:双轮 产品颜色:无铅透明红/黑，玫瑰金，奶白咖啡，亚黑 产品尺寸:1480*1070mm,最大荷载人数:2人 电机功率:350W 制动类型:前后毂刹 产品类型:电动自行车 车型款式:双轮 产品颜色:无铅透明红/黑，玫瑰金，奶白咖啡，亚黑 产品尺寸:1480*1070mm
电动车,http://detail.zol.com.cn/convenienttravel/,绿源梦蝶S-JYN-4R4812-D1 续行里程:45-55km 轴距:1200mm 制动类型:前80鼓刹，后90随动闸 减震方式:前避震 中减震 控制器:48V/18A 仪表:发光管仪表 额定功率:350W,续行里程:45-55km 轴距:1200mm 制动类型:前80鼓刹，后90随动闸 减震方式:前避震 中减震 控制器:48V/18A 仪表:发光管仪表 额定功率:350W
电动车,http://detail.zol.com.cn/convenienttravel/,爱玛小玛A7 真空轮胎，超大鞍座舒适耐用，车型轻巧可进电梯,真空轮胎，超大鞍座舒适耐用，车型轻巧可进电梯
电动车,http://detail.zol.com.cn/convenienttravel/,E客E1 PLUS 顶配版 光线感应器，智能防盗，能量回收功能，故障自检,光线感应器，智能防盗，能量回收功能，故障自检
电动车,http://detail.zol.com.cn/convenienttravel/,E客E1R顶配版 最大荷载人数:2人 产品类型:电动摩托车 车型款式:双轮 额定电压:64V 额定电流:40A 其它参数:18段阻尼可调，力值可调法斯特后减震器,最大荷载人数:2人 产品类型:电动摩托车 车型款式:双轮 额定电压:64V 额定电流:40A 其它参数:18段阻尼可调，力值可调法斯特后减震器
电动车,http://detail.zol.com.cn/convenienttravel/,小刀超领 双遥控器，智能故障修复功能，防盗报警器设计，多功能液晶仪表,双遥控器，智能故障修复功能，防盗报警器设计，多功能液晶仪表
电动车,http://detail.zol.com.cn/convenienttravel/,绿源MG3 续行里程:60km 轮胎:10*2.15 车轮介绍:前：3.0-10真空胎（反光标） 后：3.0-10真空胎 制动类型:前碟后鼓 减震方式:后减震：液压可调 控制器:60-48V/12管 仪表:自识别液晶仪表,续行里程:60km 轮胎:10*2.15 车轮介绍:前：3.0-10真空胎（反光标） 后：3.0-10真空胎 制动类型:前碟后鼓 减震方式:后减震：液压可调 控制器:60-48V/12管 仪表:自识别液晶仪表
电动车,http://detail.zol.com.cn/convenienttravel/,Ninebot E 九号机器人 产品类型:双轮车，体感车，智能平衡车 产品性能:智能电动代步平衡车最高时速可达20Km/h 产品外观:铝合金+镁合金+LEXAN树脂 产品重量:整车重量23.5kg 产品尺寸:主包装尺寸：625*440*470mm 手把包装尺寸：1190*163*128mm 产品负载:平坦地面载重最大120kg 充电时间:4h,产品类型:双轮车，体感车，智能平衡车 产品性能:智能电动代步平衡车最高时速可达20Km/h 产品外观:铝合金+镁合金+LEXAN树脂 产品重量:整车重量23.5kg 产品尺寸:主包装尺寸：625*440*470mm 手把包装尺寸：1190*163*128mm 产品负载:平坦地面载重最大120kg 充电时间:4h
电动车,http://detail.zol.com.cn/convenienttravel/,小牛电动N1S（城市版） 最高时速:约45km/h 最大荷载人数:2人 续航里程:70km 电机功率:1200W 刹车距离:4.52m 制动类型:前后碟刹 电池类型:18650锂电池/60V 18Ah,最高时速:约45km/h 最大荷载人数:2人 续航里程:70km 电机功率:1200W 刹车距离:4.52m 制动类型:前后碟刹 电池类型:18650锂电池/60V 18Ah
电动车,http://detail.zol.com.cn/convenienttravel/,五羊-本田净原Q1 最高时速:50km/h 最大荷载人数:1人 电机功率:1200W 制动类型:前碟后鼓 电池类型:锂电池 产品类型:电动摩托车 电机类型:博世轮毂电机,最高时速:50km/h 最大荷载人数:1人 电机功率:1200W 制动类型:前碟后鼓 电池类型:锂电池 产品类型:电动摩托车 电机类型:博世轮毂电机
电动车,http://detail.zol.com.cn/convenienttravel/,E客E1 PLUS 光线感应器，能量回收功能，智能防盗，故障自检,光线感应器，能量回收功能，智能防盗，故障自检
电动车,http://detail.zol.com.cn/convenienttravel/,小牛电动M1限量版 最大荷载人数:1人 续航里程:120km 电机功率:800W 刹车距离:干太：1.4m 湿太：1.8m 制动类型:前碟后毂 电池类型:18650锂电池 汽车级动力电芯 240*176*158mm 产品类型:电动摩托车,最大荷载人数:1人 续航里程:120km 电机功率:800W 刹车距离:干太：1.4m 湿太：1.8m 制动类型:前碟后毂 电池类型:18650锂电池 汽车级动力电芯 240*176*158mm 产品类型:电动摩托车
